CASEID,W1_CASEID,W2_CASEID2,W1_F3,W1_F4_B,W1_F4_D,W1_F5_A,W1_F6,PPAGECAT,PPGENDER,PPMARIT,PPINCIMP,PPETHM
1,2,820,2,3,2,3,7,5,2,1,12,4
2,3, ,2,1,1,3,3,5,1,6,7,2
3,4,1198,5,2,1,3,7,3,1,1,15,2
4,5,240,4,1,1,1,5,6,1,5,6,2
5,6, ,4,2,1,2,7,3,2,5,15,1
6,7,350,2,1,1,2,5,1,1,5,13,1
7,8,926,6,1,1,2,7,4,1,1,15,2
8,9, ,4,1,1,1,4,1,2,6,2,1
9,10,845,2,2,1,3,6,3,2,3,10,1
10,11,15,3,2,1,3,7,4,1,3,16,1
11,12,645,-1,-1,-1,-1,-1,1,1,5,7,3
12,13,707,7,1,1,2,1,2,2,1,12,1
13,14,744,2,2,2,2,9,6,2,1,16,1
14,15, ,4,2,2,3,6,3,1,1,11,4
15,16,180,5,2,1,1,9,2,1,1,13,1
16,17,455,3,1,1,1,7,2,2,1,14,4
17,18, ,6,2,2,2,7,3,1,1,19,1
18,19,91,6,2,1,1,6,4,1,5,3,2
19,20, ,3,1,1,1,6,2,1,6,15,1
20,21,1461,2,2,2,3,7,5,1,1,11,2
21,22, ,3,-1,2,2,8,1,1,6,14,5
22,23,1376,5,3,2,1,8,5,2,2,6,2
23,24,470,4,1,1,2,2,5,1,3,4,2
24,25, ,1,2,2,1,8,7,2,1,13,1
25,26,271,-1,-1,-1,-1,-1,3,1,1,13,1
26,27,327,5,2,1,2,3,7,1,1,11,1
27,28,1060,3,2,2,2,7,5,1,6,11,1
28,29,494,2,3,3,3,9,5,2,1,19,1
29,30,865,2,2,2,3,8,4,2,1,16,2
30,31, ,4,1,1,1,5,3,2,6,11,2
31,32,1344,-1,-1,-1,-1,-1,3,1,4,11,1
32,33,312,2,2,1,1,8,5,2,3,13,1
33,34,232,3,2,1,2,7,6,1,1,12,2
34,35,34,2,2,2,3,8,5,2,1,12,1
35,36,1252,6,2,1,1,5,2,1,6,13,2
36,37, ,3,2,2,2,8,2,2,1,17,1
37,38,428,2,2,1,2,7,2,2,1,16,1
38,40, ,6,2,1,2,9,6,1,1,17,1
39,41,153,6,2,2,2,7,5,1,4,19,2
40,42,975,2,3,4,2,10,4,2,1,19,2
41,43,708,2,3,1,2,7,4,2,5,13,1
42,44,186,4,2,1,1,10,1,2,5,7,2
43,46,36,1,4,2,4,9,6,1,2,17,1
44,47,631,2,3,2,3,7,6,2,1,8,5
45,48,483,2,1,2,1,5,1,1,5,16,1
46,49,873,3,2,1,2,7,7,1,1,13,1
47,50,5,2,1,1,2,2,4,2,5,12,1
48,51, ,2,2,2,2,7,5,1,1,13,2
49,52,446,4,2,2,1,6,4,2,3,10,2
50,53,1658,3,1,1,1,5,3,2,1,17,1
51,55, ,3,3,4,4,7,2,1,1,16,2
52,56,351,1,3,3,4,10,6,1,1,17,1
53,57, ,5,2,1,2,7,1,1,5,11,2
54,58,262,2,2,1,2,8,3,2,4,4,2
55,59,889,2,2,2,4,6,5,2,1,13,4
56,60,616,7,1,1,1,4,5,2,2,12,2
57,61, ,3,2,1,1,7,2,1,5,11,2
58,62,282,4,4,4,1,10,5,1,1,15,3
59,63,827,2,2,2,2,6,6,1,1,8,1
60,64,1242,3,2,1,1,3,2,1,1,14,5
61,65,279,2,3,2,2,7,6,1,1,13,1
62,66,230,2,2,2,1,10,1,1,5,9,1
63,68,615,4,1,1,2,5,2,2,5,19,2
64,69,296,3,2,2,1,5,4,2,1,17,1
65,70,105,4,3,2,3,5,5,1,5,2,2
66,71,241,5,2,1,2,7,6,1,5,13,2
67,72,1141,3,2,2,3,6,1,2,5,15,4
68,73,1229,1,3,1,2,9,7,1,1,12,1
69,74,933,2,1,1,1,2,4,2,2,10,2
70,75,200,3,1,1,2,10,6,1,1,16,1
71,76,387,3,1,1,2,6,1,1,5,1,1
72,77, ,2,1,2,-1,7,7,1,1,6,2
73,78,27,3,3,2,3,7,5,2,1,19,2
74,79,391,4,1,2,2,6,1,1,5,8,2
75,80,696,3,1,1,2,8,2,2,1,16,1
76,81,227,3,2,2,1,6,1,1,5,3,1
77,82,546,6,2,1,2,6,4,1,1,16,2
78,83,207,6,2,-1,1,6,4,1,5,19,2
79,84,679,6,3,3,2,7,4,2,3,10,2
80,85,213,1,3,2,2,6,6,2,1,12,1
81,86,511,3,2,1,1,6,5,2,1,15,1
82,87,380,2,3,2,4,10,6,1,1,17,2
83,88,686,2,3,2,3,9,6,1,3,14,2
84,89,333,4,1,1,2,3,3,1,1,16,1
85,90, ,3,3,2,1,6,2,1,5,17,2
86,91, ,4,2,1,2,5,1,2,5,1,2
87,92,746,3,2,1,2,5,2,2,1,14,2
88,93,31,4,2,1,3,7,2,1,1,8,4
89,94,335,2,3,1,3,10,6,1,1,11,2
90,95,1415,1,2,1,2,5,3,1,1,13,4
91,96, ,7,2,1,1,8,4,2,3,14,1
92,97,841,4,2,1,1,5,6,2,1,13,1
93,98,291,3,3,3,2,10,4,2,1,19,1
94,99, ,2,3,3,3,8,1,2,5,1,2
95,100, ,5,2,1,2,7,4,1,5,11,2
96,101, ,4,2,1,3,6,1,2,1,1,2
97,102, ,3,4,3,1,8,5,1,1,19,2
98,103,930,1,2,2,2,8,2,1,1,13,4
99,104,303,2,3,2,3,7,5,1,3,12,4
100,105,520,-1,-1,-1,-1,-1,2,2,6,12,4
101,106,675,5,1,2,2,6,3,1,1,16,1
102,107,236,4,1,1,2,6,2,2,1,11,1
103,108,184,4,2,2,3,6,4,1,1,15,2
104,109,527,2,3,3,3,7,5,2,3,12,2
105,110,367,3,2,1,1,4,5,2,5,1,2
106,111,219,2,3,2,3,10,1,1,6,13,2
107,112,1047,4,2,1,2,6,4,1,6,9,2
108,113,849,2,2,1,2,8,6,2,2,8,2
109,114,49,3,2,2,2,6,3,1,6,14,2
110,115, ,4,1,1,1,7,5,2,1,1,1
111,116,614,3,1,1,1,9,6,1,1,16,1
112,117, ,4,3,3,2,5,3,1,1,10,3
113,119,1523,3,3,2,2,8,3,2,6,19,2
114,120,376,3,2,1,3,8,3,2,1,17,2
115,121,385,4,1,1,3,3,5,2,2,8,2
116,122,676,2,2,1,3,6,1,1,5,10,2
117,123,773,2,2,2,1,9,2,1,1,17,1
118,124,685,2,2,2,3,6,2,2,3,3,2
119,125,1340,6,2,4,4,7,1,2,5,10,1
120,126,266,3,2,1,2,6,5,1,1,18,1
121,127,112,3,1,2,1,8,2,2,5,4,2
122,128,904,3,1,1,1,7,6,1,1,8,1
123,129, ,4,1,1,1,4,2,2,5,4,2
124,130,843,7,2,2,3,7,3,1,5,3,2
125,131, ,1,3,1,3,7,2,2,6,1,2
126,132, ,7,1,1,1,5,3,2,1,18,2
127,133, ,1,4,4,4,9,2,2,5,7,2
128,134,506,1,2,2,3,9,6,2,1,13,1
129,135, ,4,1,1,2,5,1,2,5,1,2
130,136,177,2,1,1,2,7,5,1,6,13,4
131,137, ,5,2,1,1,4,1,2,5,6,2
132,138,170,3,2,2,3,10,5,2,3,18,2
133,139,243,2,2,2,2,6,6,1,5,15,1
134,140, ,2,3,3,2,10,5,1,1,16,2
135,141,349,3,1,1,1,6,1,2,1,9,2
136,142, ,3,2,2,3,5,5,2,2,7,2
137,143,426,7,3,2,2,9,5,1,3,9,2
138,144,721,3,2,1,2,5,2,1,6,11,1
139,145,121,6,2,1,2,3,1,2,5,11,2
140,146,59,4,1,1,2,3,6,2,5,12,2
141,147,1354,3,2,2,2,6,4,2,1,16,1
142,148,912,3,1,1,2,7,5,1,1,15,2
143,149, ,1,3,3,3,7,2,1,3,13,1
144,150,603,5,1,1,2,5,4,1,5,7,2
145,151,584,7,1,1,1,1,2,2,1,9,1
146,152, ,2,2,2,3,10,4,1,1,18,2
147,153,1393,1,3,3,3,10,7,1,1,12,2
148,154,16,2,2,1,4,10,4,1,1,19,1
149,155,115,2,4,1,2,7,7,2,2,7,1
150,156, ,6,2,1,2,7,4,1,5,13,2
151,157, ,1,3,2,4,9,2,2,5,1,2
152,158, ,2,3,2,3,8,5,1,3,14,1
153,159, ,1,3,3,4,9,5,2,1,17,1
154,160, ,2,1,1,2,2,3,1,1,11,1
155,161,206,5,2,1,2,6,4,1,5,14,3
156,162, ,3,1,1,1,5,6,2,1,12,1
157,163,740,3,1,1,1,3,3,1,5,2,1
158,164,799,3,1,1,2,6,5,2,1,9,1
159,165,763,4,1,1,3,8,5,2,3,12,2
160,166,613,1,3,3,2,9,7,1,1,14,1
161,167, ,2,2,1,3,7,1,2,1,12,4
162,168,1576,6,1,1,2,7,5,1,6,5,2
163,169,914,3,3,2,3,8,7,2,1,11,5
164,170, ,1,1,1,2,5,5,1,1,2,2
165,171, ,2,2,2,2,8,6,2,2,9,1
166,172,1244,2,2,1,3,6,5,1,1,17,2
167,173,104,4,3,2,3,7,4,1,1,16,1
168,175,187,-1,2,1,1,10,7,1,1,16,1
169,176,991,2,3,2,3,5,1,2,6,15,2
170,177, ,2,1,2,2,8,3,1,1,13,1
171,178,276,2,3,2,3,9,5,2,1,17,2
172,179, ,2,2,1,3,7,6,1,1,14,2
173,180,1568,2,1,1,-1,7,5,2,3,13,1
174,181,1234,6,3,2,2,9,5,2,5,4,2
175,182,781,3,1,1,2,4,5,2,1,9,1
176,183,154,5,1,1,1,5,2,2,6,4,2
177,184, ,2,2,2,3,8,1,2,6,17,2
178,185,99,1,2,2,4,10,7,1,1,10,1
179,186,10,3,2,2,2,8,6,1,5,13,2
180,188,659,2,2,1,2,7,5,2,3,17,1
181,189,911,2,1,2,3,4,4,2,3,17,2
182,190,652,5,1,1,1,5,3,2,1,15,5
183,191,934,2,2,2,3,6,2,2,1,17,2
184,192,267,-1,-1,-1,2,5,5,1,4,13,2
185,193, ,2,3,3,2,10,7,1,1,13,1
186,194, ,3,2,1,2,5,2,2,5,6,2
187,195, ,2,3,2,4,7,3,1,5,4,2
188,196,1189,7,1,-1,4,1,4,2,5,6,1
189,197,43,2,2,2,1,10,6,2,1,12,1
190,198,1020,2,1,1,1,5,5,1,1,11,1
191,199,966,4,-1,-1,-1,-1,5,2,3,7,2
192,200, ,4,3,1,1,5,1,2,1,11,2
193,201,178,6,1,1,2,5,6,2,2,11,1
194,202,956,2,2,1,2,6,2,1,5,4,1
195,203, ,2,3,2,2,6,2,2,5,15,2
196,204,923,4,2,2,4,7,1,1,5,1,2
197,205,261,1,2,1,1,1,5,2,5,14,2
198,206,634,2,2,2,2,9,4,1,1,14,2
199,207,626,3,1,1,2,6,3,2,1,15,1
200,208,997,2,2,2,3,7,2,2,5,13,2
201,209,677,6,3,3,3,9,6,1,1,15,1
202,210,868,2,3,3,3,9,3,1,1,18,1
203,211,609,1,4,1,2,3,4,1,1,11,2
204,212, ,4,2,1,2,5,3,1,6,14,3
205,213,1259,2,1,1,2,7,5,1,3,13,1
206,214,610,2,2,2,3,8,3,2,1,14,1
207,215,863,3,2,1,3,7,2,2,1,19,1
208,216,797,1,4,4,4,5,1,1,5,16,5
209,217,1413,2,3,3,4,8,6,2,1,16,1
210,218,439,2,1,1,3,6,2,2,5,9,2
211,219,747,1,1,1,2,8,4,2,1,12,2
212,220,191,3,2,1,2,6,6,1,1,15,1
213,221,18,3,2,3,-1,5,1,2,5,12,2
214,222, ,4,3,3,2,7,5,2,5,11,2
215,223,405,6,2,1,1,4,6,2,1,4,1
216,224,542,4,2,2,2,8,1,1,5,7,2
217,225,594,2,4,1,3,7,6,1,1,9,1
218,227,363,2,3,2,2,8,6,1,1,13,1
219,228,517,1,1,1,1,7,1,1,5,2,2
220,230,1151,5,2,2,2,10,4,2,1,17,1
221,231,1451,7,2,1,2,6,1,2,1,15,1
222,232, ,5,3,2,2,10,5,1,1,19,1
223,233,484,3,1,1,2,8,4,1,1,13,2
224,234,411,2,2,1,3,8,5,1,3,14,2
225,235, ,2,4,2,3,7,7,1,1,4,2
226,236,325,3,2,1,2,5,5,2,1,16,1
227,237, ,2,3,1,2,6,1,2,1,10,1
228,238,985,5,4,4,4,10,3,1,1,13,4
229,239,798,4,2,1,2,10,7,2,2,5,1
230,240,402,5,1,1,3,4,4,2,3,13,2
231,241,1063,2,2,1,1,4,5,1,1,11,1
232,242,648,2,3,2,3,8,3,1,1,15,1
233,243, ,-1,-1,-1,-1,-1,1,2,1,1,2
234,244,286,3,2,1,2,6,3,2,6,10,2
235,245,1642,6,3,3,1,8,5,2,1,18,1
236,246,298,3,2,1,3,8,5,1,1,12,2
237,247,832,2,2,1,1,7,7,2,2,6,1
238,248, ,2,2,2,1,5,4,2,1,15,2
239,249,1011,2,1,1,4,7,2,1,1,13,2
240,250,2,4,2,2,2,5,2,1,1,11,1
241,251,1202,1,1,1,2,3,4,2,5,1,2
242,252,1002,1,3,2,4,8,3,2,1,10,2
243,253,1654,2,1,1,1,8,3,1,1,15,2
244,254,1249,4,2,3,2,7,2,1,5,3,2
245,255,95,3,1,1,1,5,5,2,3,8,2
246,256,311,2,3,3,4,9,6,2,3,15,1
247,257,1195,5,1,1,1,4,3,2,1,12,1
248,258, ,1,2,2,2,8,3,1,1,15,2
249,259, ,1,1,1,1,1,1,2,6,4,2
250,260, ,5,2,1,2,8,7,1,1,11,1
251,262,716,3,3,1,2,7,5,2,1,13,1
252,263,203,5,1,1,2,9,7,2,2,13,1
253,264, ,2,2,2,4,1,7,2,2,5,2
254,265,394,2,3,2,1,8,1,2,5,3,2
255,266, ,7,1,1,1,10,1,2,5,8,2
256,267,1288,5,2,2,2,3,2,1,5,17,1
257,268,1050,7,2,2,3,7,5,1,1,13,2
258,269,728,2,2,1,3,5,4,2,6,11,2
259,270, ,2,1,1,2,5,2,2,6,7,2
260,271, ,4,-1,2,3,6,3,2,3,1,4
261,272, ,2,3,3,4,6,1,1,5,13,1
262,273, ,1,1,1,3,7,3,2,4,14,1
263,274,280,1,2,2,3,8,3,1,1,16,1
264,275,64,1,1,2,2,1,6,2,1,7,2
265,276,429,-1,-1,-1,-1,-1,1,1,5,1,2
266,277,1120,5,1,1,3,8,5,2,1,17,1
267,278,6,5,2,2,2,8,6,2,2,14,2
268,279,479,5,2,1,2,6,7,1,1,13,2
269,280,1080,1,4,4,1,8,5,1,6,10,2
270,281,1456,6,3,2,2,10,5,1,6,19,1
271,282,305,2,2,1,3,4,5,2,3,17,1
272,283,576,1,3,3,3,10,5,2,1,13,2
273,284,30,1,2,2,1,7,6,2,1,8,1
274,285,838,3,2,1,1,5,5,2,5,11,1
275,286, ,7,2,1,2,9,2,1,5,8,1
276,287,431,2,2,1,3,6,6,2,2,4,2
277,288,656,2,3,2,4,10,6,1,1,13,1
278,289,478,6,2,2,3,8,5,2,1,13,1
279,290,343,3,1,2,2,4,5,2,3,6,2
280,291,1154,3,2,-1,-1,6,3,1,3,13,1
281,292,357,6,2,1,1,10,5,1,1,13,2
282,293,360,3,3,3,1,4,4,1,6,12,4
283,294,1019,-1,-1,-1,-1,-1,1,1,5,12,2
284,296,831,5,2,1,2,6,5,2,5,14,2
285,297,68,1,4,3,3,10,7,2,2,16,4
286,298,730,2,2,2,2,8,4,1,1,18,2
287,299,772,2,2,2,2,8,7,1,1,12,1
288,300,565,2,3,3,3,9,4,1,5,12,2
289,301, ,1,4,3,4,7,2,2,6,4,2
290,302,661,3,3,2,3,5,4,2,2,1,2
291,303, ,1,1,1,2,8,1,2,5,2,2
292,304,961,5,2,1,1,4,2,1,1,13,1
293,305,317,-1,2,2,2,-1,4,1,5,3,2
294,306,689,4,3,3,2,5,4,1,5,7,2
295,307,1365,6,1,1,1,7,6,2,3,8,1
296,308,674,5,1,1,2,3,1,2,5,17,1
297,309,175,1,4,4,1,9,1,2,6,18,2
298,310,63,1,3,2,4,8,7,1,1,16,2
299,311, ,3,1,1,3,6,2,2,6,13,2
300,312,1109,-1,2,2,4,10,3,1,1,19,1
301,313,1236,6,1,1,1,7,4,2,1,10,1
302,314,275,1,2,2,3,5,2,1,5,12,2
303,315, ,2,2,1,4,8,7,2,3,11,2
304,316, ,5,2,2,2,7,3,1,1,4,4
305,317,492,3,3,1,2,7,1,2,5,12,4
306,318,318,7,1,1,1,2,4,1,5,1,2
307,319,808,5,2,1,2,4,4,2,5,12,1
308,320,1222,3,3,2,4,7,2,2,1,15,2
309,322,197,2,2,1,1,8,2,2,1,14,1
310,323,1148,4,4,4,4,5,7,1,1,11,2
311,324,199,5,2,1,2,10,6,2,1,13,1
312,325, ,3,1,1,2,4,4,2,1,2,2
313,326,1533,1,2,2,2,6,5,1,1,13,2
314,327,1573,5,1,1,2,4,4,2,3,3,2
315,328, ,-1,-1,-1,-1,1,5,1,1,18,2
316,329,1092,4,2,2,3,5,5,1,1,14,2
317,330,142,2,2,1,2,4,4,2,1,7,2
318,331, ,1,3,2,2,9,6,2,1,17,1
319,332,582,2,3,2,2,10,2,2,5,14,2
320,333, ,3,2,1,4,7,4,2,1,16,1
321,334,1382,1,2,2,2,5,5,2,1,11,2
322,335,694,3,2,1,2,3,4,1,1,10,4
323,336,1209,1,-1,1,3,7,4,2,3,4,2
324,337,1038,2,2,2,2,6,3,1,1,15,2
325,338,604,4,1,2,2,6,5,2,1,16,2
326,339,1267,2,3,3,2,7,6,2,5,9,1
327,340,1392,4,2,2,2,6,1,2,5,9,4
328,341,819,2,2,2,3,9,4,2,4,3,2
329,342,711,2,2,2,3,7,5,2,1,3,2
330,343,822,4,1,1,1,6,1,1,6,1,2
331,344,735,5,1,1,1,7,4,1,3,12,1
332,345, ,4,3,3,3,6,2,1,5,13,2
333,346,287,1,2,1,3,7,3,2,1,17,2
334,347,498,1,2,3,3,7,7,2,2,7,2
335,348,549,3,2,1,1,6,6,1,2,16,2
336,349,774,2,2,2,2,6,4,1,1,12,2
337,350,475,3,2,2,2,7,1,2,5,17,1
338,351,759,5,1,1,1,3,3,1,1,15,1
339,352, ,3,1,1,3,7,2,2,1,7,1
340,353,233,6,2,1,1,7,7,1,1,10,1
341,354,1334,4,1,1,3,4,1,1,4,11,2
342,355,51,1,2,2,3,8,5,2,5,11,2
343,356, ,2,3,2,2,8,5,2,1,17,1
344,357, ,3,1,1,1,8,4,2,1,18,1
345,358,482,5,1,1,4,5,4,1,1,7,1
346,359, ,7,2,1,2,6,1,2,1,12,2
347,360,739,6,1,1,1,8,5,2,1,17,2
348,361,93,2,2,1,2,10,6,1,1,16,1
349,362,255,3,2,2,3,7,7,2,1,11,1
350,363,548,3,2,1,2,7,4,1,3,12,1
351,364, ,4,2,2,3,6,4,1,1,17,1
352,365, ,4,2,2,2,5,2,2,5,1,2
353,366,665,1,3,4,3,9,4,1,1,18,2
354,367,651,4,2,1,1,6,1,2,5,1,2
355,368, ,1,4,4,4,10,3,1,6,2,2
356,369,753,3,2,1,2,6,1,1,5,2,2
357,370,560,7,1,1,2,6,6,2,1,11,1
358,371,1333,3,1,1,2,3,4,1,5,8,1
359,372,512,1,3,1,2,8,4,2,6,18,2
360,373,846,7,1,1,1,1,1,1,6,1,2
361,374,1289,1,2,2,4,10,1,2,5,14,2
362,375,623,2,2,2,2,5,5,1,3,4,2
363,376,1230,1,1,4,4,9,5,1,1,4,1
364,377,742,1,4,1,1,6,2,2,6,1,2
365,378,1257,3,1,1,1,1,4,1,1,2,5
366,379,11,1,4,4,4,10,5,1,6,8,2
367,380,1054,3,1,1,2,3,5,2,1,12,1
368,381,622,5,2,2,3,7,4,1,1,12,4
369,382,13,3,2,1,1,6,3,2,1,19,1
370,383,764,2,1,1,3,7,7,2,1,14,1
371,384,778,5,2,2,2,6,4,2,5,9,2
372,385, ,4,4,4,4,10,3,1,5,3,1
373,386,1301,1,2,2,1,5,6,2,1,8,1
374,387,1436,2,-1,1,1,8,6,1,1,17,5
375,388, ,2,3,2,4,5,2,2,3,8,2
376,389,8,3,2,1,1,8,1,2,5,14,3
377,390,272,3,2,1,2,7,4,1,4,6,3
378,391,782,2,4,4,3,10,2,2,1,13,1
379,392,751,4,2,2,2,6,3,1,1,13,1
380,393,481,3,2,2,2,5,6,2,1,16,1
381,394,259,1,1,3,3,10,4,1,5,2,2
382,395,816,3,1,2,2,7,3,2,1,16,3
383,396,1442,2,3,2,3,7,5,2,5,12,2
384,397,559,6,1,1,2,5,1,2,1,6,2
385,398,530,2,2,2,2,8,4,1,5,12,2
386,399,471,3,2,2,2,5,1,1,5,5,1
387,400,856,6,1,1,2,4,5,1,5,2,2
388,401,1500,3,1,2,2,5,1,2,6,12,4
389,402,1587,5,3,1,2,8,6,1,3,14,2
390,403,884,1,1,1,1,5,4,2,1,2,1
391,405,90,2,1,1,2,5,5,2,2,11,2
392,406,347,3,1,1,1,6,3,1,1,13,1
393,407,495,3,3,1,3,5,2,2,6,1,2
394,408,935,7,1,1,1,4,6,2,1,14,1
395,409,1086,5,2,1,2,5,4,1,1,9,1
396,410,157,4,2,1,2,9,1,1,5,12,2
397,412,1241,2,3,3,3,6,2,2,5,6,2
398,413,324,3,2,1,2,7,7,2,1,10,1
399,414,915,3,1,1,2,5,4,2,5,12,2
400,415,733,3,2,1,2,1,4,2,3,6,2
401,416,331,5,2,2,3,8,1,1,5,3,1
402,417, ,1,2,1,3,9,7,1,3,10,1
403,418,745,2,1,1,4,4,3,1,5,12,2
404,419,1105,5,2,1,2,3,2,2,1,9,2
405,420,1602,2,2,1,1,6,3,2,5,13,2
406,421,128,7,1,1,1,2,2,1,3,17,1
407,422,533,1,3,2,3,6,1,2,5,16,2
408,423,621,1,3,2,3,9,5,1,5,8,2
409,424,1049,4,1,1,3,9,7,2,1,18,1
410,425,788,2,2,2,2,9,4,1,1,16,1
411,426, ,2,1,1,4,2,7,2,2,8,2
412,427,664,5,1,1,1,4,5,1,5,7,1
413,428,420,3,2,2,3,10,6,1,1,19,2
414,429,1118,3,3,1,3,7,5,1,3,19,2
415,430,1597,2,2,1,3,6,4,2,6,5,2
416,431,217,2,4,4,3,9,7,1,1,12,1
417,432,557,3,2,1,2,7,6,2,1,13,1
418,433,1445,4,1,1,1,5,5,1,1,13,2
419,434, ,2,3,2,2,9,6,2,1,16,1
420,437,1581,2,1,1,2,10,4,1,1,13,2
421,438, ,6,2,1,3,7,2,1,6,12,1
422,439,809,3,1,1,1,4,4,1,1,16,3
423,440,171,1,1,1,2,4,5,2,6,9,2
424,441,284,5,3,1,4,8,5,1,1,12,1
425,442,3,4,3,3,2,10,2,1,1,15,1
426,443, ,3,1,1,3,5,4,2,3,12,2
427,444,769,3,1,1,2,4,6,2,1,9,1
428,445,308,2,2,2,3,9,6,2,3,19,1
429,446, ,-1,-1,-1,-1,-1,5,2,1,13,1
430,447,28,4,2,2,2,5,3,1,5,3,2
431,448,338,5,1,1,1,6,4,1,1,15,3
432,449,285,3,3,1,3,7,3,1,1,12,4
433,451,1131,4,3,3,2,5,4,2,6,3,2
434,452,507,2,2,2,3,6,4,1,5,12,2
435,453,775,5,1,2,1,8,3,1,1,15,2
436,454,474,3,2,1,2,5,4,1,3,7,2
437,455,754,6,2,1,4,5,3,1,1,12,2
438,456,526,4,2,2,2,4,3,1,1,7,1
439,457,245,5,1,1,1,4,4,2,1,14,1
440,458,35,4,1,1,1,1,5,2,1,7,1
441,459, ,1,4,4,1,5,1,2,5,1,2
442,460,1155,2,2,1,2,8,5,1,1,11,1
443,461,837,6,1,1,2,7,6,1,1,17,1
444,462,1069,5,2,1,1,7,6,2,2,7,2
445,463,1162,5,1,1,2,8,4,1,1,14,1
446,465,384,1,3,1,2,5,4,1,5,4,2
447,466,678,1,3,2,2,7,3,2,5,14,2
448,467,712,2,2,1,3,5,6,1,5,9,2
449,468,692,2,2,2,3,7,4,2,2,16,1
450,469,392,5,2,1,1,6,5,2,1,12,1
451,471, ,7,1,1,1,4,2,1,5,9,1
452,472,698,1,2,1,2,7,6,1,1,7,1
453,473,869,5,-1,1,1,8,2,1,6,3,2
454,474,486,3,4,3,3,9,5,1,1,14,1
455,475,433,1,2,3,1,5,3,2,1,12,2
456,476,1362,3,1,1,4,9,5,2,5,1,2
457,477,654,1,1,4,1,-1,4,2,4,1,2
458,478,441,1,2,1,2,6,4,1,5,5,2
459,479, ,4,2,2,2,10,5,2,2,6,2
460,480,283,3,2,2,2,8,5,2,2,7,1
461,481, ,2,3,2,4,7,3,2,3,13,4
462,482,666,2,2,1,3,3,7,2,2,6,1
463,483, ,1,1,1,2,1,6,2,1,15,2
464,484,501,1,2,2,2,7,7,1,2,8,1
465,485,586,3,1,1,1,5,1,2,5,7,4
466,486,910,3,2,2,2,5,2,1,5,8,2
467,487, ,2,2,2,3,6,1,1,5,8,2
468,488,400,2,2,2,2,4,4,1,1,11,2
469,489,1678,2,3,2,2,10,6,2,1,17,2
470,490,561,-1,2,2,2,5,5,2,5,1,2
471,491,662,3,2,2,2,8,5,1,1,18,1
472,492,803,1,2,2,4,5,3,2,5,10,2
473,493,1021,2,3,2,3,6,1,2,6,16,2
474,494,655,4,1,1,2,5,1,2,5,6,1
475,495,927,2,2,2,3,6,5,1,5,10,2
476,496,269,1,2,1,3,8,6,1,1,11,1
477,497,1180,1,2,3,1,-1,2,1,1,16,4
478,498, ,2,2,1,3,5,4,2,5,10,2
479,499,1632,2,2,3,3,7,2,2,5,2,1
480,500,949,7,2,2,2,5,4,1,1,12,1
481,501,4,2,2,2,1,8,5,2,1,19,1
482,502,1672,7,1,1,1,5,3,1,2,4,1
483,503,1005,4,3,2,3,5,4,1,5,8,2
484,504,189,2,2,2,-1,8,4,1,6,10,2
485,505, ,2,1,1,4,2,3,2,1,12,2
486,506, ,2,2,1,2,5,5,1,6,12,2
487,507,705,1,2,2,2,10,5,1,1,13,2
488,508,12,1,1,1,1,7,3,2,1,7,4
489,509,48,1,1,1,2,6,6,1,2,11,2
490,510,900,3,1,1,2,5,6,1,1,13,1
491,511,216,1,2,2,2,10,4,1,1,16,1
492,512,1304,3,1,1,1,10,3,2,3,3,2
493,513,1485,1,1,1,2,5,3,1,6,3,2
494,514, ,3,2,2,2,5,2,2,5,13,4
495,515,942,1,-1,-1,-1,8,4,1,5,5,2
496,516,732,2,1,1,2,6,6,1,1,15,1
497,517,1541,4,1,1,1,8,3,2,5,6,1
498,518,640,2,1,1,2,4,1,1,5,4,2
499,519,668,4,3,3,2,8,6,2,1,16,1
500,520, ,6,2,1,3,7,5,2,1,6,2
501,521,24,2,1,1,1,8,3,1,3,16,2
502,523,1617,2,2,1,2,7,6,1,1,16,1
503,524,1022,3,2,2,2,10,6,2,2,12,1
504,525,1493,1,1,1,1,7,6,1,1,19,1
505,526,695,2,3,2,3,5,6,1,1,13,1
506,527,252,3,1,1,1,5,6,1,1,8,1
507,528,630,3,2,2,2,4,3,2,6,13,2
508,529, ,3,2,1,2,6,3,1,1,12,4
509,530, ,1,1,1,1,2,5,1,3,5,1
510,531,1590,4,1,1,3,3,4,2,1,11,2
511,532,951,6,1,1,1,7,5,2,3,13,1
512,533, ,4,1,1,1,6,2,2,5,2,2
513,534,984,2,1,1,2,8,4,1,1,16,1
514,535,663,2,2,2,2,8,5,1,5,3,1
515,536,784,3,3,1,4,9,5,1,1,18,1
516,537,660,3,3,2,2,8,2,1,3,13,2
517,538,768,3,1,1,3,8,5,2,4,12,2
518,539,940,3,2,1,3,9,6,2,1,16,1
519,540,821,5,1,2,2,6,4,1,1,17,2
520,541, ,2,1,2,2,3,3,1,5,12,4
521,542,758,2,3,2,2,8,6,2,2,8,1
522,543,39,2,3,1,1,9,5,1,6,18,2
523,544, ,2,1,1,3,8,3,1,1,15,2
524,545,898,7,1,1,1,1,2,1,1,13,2
525,546,602,3,2,2,3,7,1,1,5,17,1
526,547, ,5,2,1,1,2,6,2,2,1,2
527,548,954,2,1,1,2,5,5,1,6,8,2
528,549,1422,2,3,2,2,8,5,2,1,14,1
529,550,23,2,2,1,4,3,3,1,5,12,2
530,552,964,3,1,1,1,8,7,1,1,9,1
531,553,553,3,1,2,1,4,5,1,1,14,2
532,554,641,2,2,1,2,9,5,1,4,4,2
533,555,955,6,1,1,2,4,5,2,2,6,1
534,556,1129,5,1,1,2,4,2,1,5,13,1
535,557,1423,3,1,1,2,5,5,2,1,8,2
536,558,1286,3,2,1,2,7,4,2,1,13,1
537,559,84,2,3,2,2,9,1,1,5,11,2
538,560,982,2,2,2,3,2,1,1,5,16,1
539,561,1450,1,4,3,4,9,5,2,1,8,2
540,562, ,2,1,1,3,5,3,2,1,16,1
541,563, ,3,2,1,2,2,6,2,3,12,2
542,564,1405,2,3,3,4,8,5,2,1,11,2
543,565,1416,3,2,1,2,5,4,1,1,16,1
544,566,998,1,1,1,4,10,1,2,6,16,2
545,567,508,2,2,2,4,7,5,1,1,10,2
546,568,1622,3,2,2,2,5,6,1,1,14,2
547,569, ,2,3,2,3,8,5,2,1,17,2
548,570,620,4,2,2,2,4,1,1,5,6,2
549,571,823,5,1,1,1,5,6,2,1,5,1
550,572,670,3,2,2,2,9,6,1,1,15,1
551,573, ,3,2,1,2,7,4,2,1,17,1
552,574,981,2,2,1,1,7,4,2,1,15,2
553,575, ,3,2,1,1,4,1,2,5,1,1
554,576, ,2,2,2,2,8,4,2,1,15,2
555,577,952,4,1,1,1,5,2,2,3,1,2
556,578,244,3,3,2,3,9,6,2,1,18,2
557,579, ,1,2,2,3,7,3,1,6,11,2
558,580,29,1,2,1,2,6,5,1,2,13,1
559,581,316,1,3,2,4,9,7,2,2,16,2
560,582,1269,2,3,2,3,8,6,2,3,11,2
561,583,1199,1,2,2,2,7,2,2,6,14,2
562,584,1488,1,4,4,1,1,3,2,5,2,2
563,585, ,2,1,1,3,7,2,2,1,6,2
564,586,1670,4,3,2,3,6,2,2,4,8,2
565,587,793,-1,-1,-1,-1,-1,1,2,1,7,1
566,588,727,5,1,1,1,6,4,2,5,1,2
567,589,1588,4,2,2,2,4,2,2,6,12,3
568,590,250,5,2,1,2,4,5,2,1,14,2
569,591,139,2,3,2,3,8,6,2,1,14,2
570,592,201,1,2,1,4,5,5,2,1,18,2
571,593,76,5,3,2,3,8,2,1,1,14,1
572,594,1662,2,1,1,3,7,5,1,3,5,2
573,595,1076,3,2,1,-1,7,3,2,4,8,2
574,596,697,3,2,1,2,5,7,1,1,5,1
575,597,416,2,3,2,2,5,6,1,1,7,2
576,598, ,2,2,2,3,10,4,1,6,19,1
577,599,122,1,1,1,2,6,3,1,1,5,3
578,600,608,2,2,2,3,7,4,2,1,12,2
579,601, ,2,3,3,4,10,2,2,5,13,2
580,602,944,2,2,1,3,6,5,2,2,12,2
581,603,1212,6,2,3,3,8,4,2,1,16,1
582,604,529,5,2,1,3,7,3,1,6,8,2
583,605,32,6,1,1,1,7,4,1,5,11,2
584,606,460,2,2,2,3,6,4,2,1,15,2
585,607,983,1,2,1,3,8,7,2,3,10,2
586,608,44,3,2,1,2,6,5,2,3,11,1
587,609, ,2,3,2,3,8,4,2,1,19,2
588,610,288,2,2,1,2,8,4,1,6,15,2
589,611, ,2,2,2,3,9,4,2,6,3,2
590,612,896,4,2,-1,1,9,4,1,3,5,2
591,613,196,2,3,1,-1,5,6,2,3,11,1
592,614,1177,2,3,4,3,2,4,1,5,9,2
593,615, ,2,3,2,2,5,6,2,1,10,1
594,617,992,2,-1,-1,2,-1,4,2,1,12,1
595,618,1100,1,3,1,2,5,1,2,1,8,4
596,619,1578,3,1,1,-1,4,4,2,1,9,2
597,620,158,4,2,2,-1,5,5,2,5,15,2
598,621,92,5,2,2,2,7,6,2,2,9,2
599,622,1471,3,1,2,2,6,5,1,1,17,2
600,623,1260,2,1,1,1,6,3,1,3,14,2
601,624,307,2,2,2,1,9,5,1,5,11,2
602,625,390,3,1,1,4,7,2,1,5,13,2
603,626,901,2,2,1,2,10,5,1,4,19,2
604,627,1283,2,1,1,1,5,2,2,1,8,1
605,628,248,2,3,2,2,8,5,1,1,10,3
606,629,329,3,2,1,1,3,7,2,3,2,2
607,630,409,1,2,2,4,8,5,2,3,10,2
608,631, ,4,2,1,2,7,4,1,1,9,2
609,632, ,3,2,1,3,6,5,1,1,13,2
610,633,562,7,3,1,2,5,5,2,1,16,2
611,634,364,2,2,1,4,7,5,2,6,4,2
612,635, ,4,1,1,1,5,1,2,6,2,2
613,636,1430,5,2,1,2,8,4,2,3,6,2
614,637,167,4,3,2,2,5,4,2,2,2,2
615,638,218,5,1,1,1,5,6,2,3,5,1
616,639,644,5,1,1,3,3,4,2,3,8,2
617,640,435,3,2,2,2,8,5,1,1,17,1
618,641,1318,7,2,1,3,5,4,2,1,17,2
619,642,1565,2,2,3,2,5,4,2,1,13,2
620,643,1589,2,2,1,2,7,5,1,6,1,2
621,644,568,2,2,2,2,7,3,2,1,1,2
622,645,817,2,2,1,3,10,6,2,1,17,2
623,646, ,1,4,2,3,7,4,2,1,8,2
624,647,373,6,2,2,3,7,4,1,6,9,2
625,648,273,2,1,1,2,1,3,1,3,12,2
626,649,1165,2,3,1,1,8,5,1,5,12,2
627,651,1545,2,3,2,3,5,5,1,3,10,2
628,652, ,3,2,2,2,8,5,2,1,15,2
629,653, ,2,2,2,2,4,4,1,1,14,1
630,654,1522,6,2,1,2,6,6,1,1,12,2
631,655, ,7,1,1,2,8,4,2,1,12,1
632,656,377,4,4,3,4,2,4,1,3,4,4
633,657,941,1,2,1,2,8,4,1,1,13,2
634,658,53,2,2,2,3,8,2,1,5,17,2
635,659,453,3,1,1,2,5,5,1,1,14,1
636,661,1668,5,3,2,1,7,5,1,1,17,1
637,662,118,2,2,2,3,6,2,1,6,7,2
638,663,855,3,2,2,2,7,6,1,1,8,1
639,664,451,2,2,2,3,7,6,1,6,12,1
640,665,734,2,2,1,2,10,4,1,3,14,1
641,666,1663,2,2,3,2,6,1,1,5,10,2
642,667,228,3,1,1,3,6,6,2,5,13,2
643,668,718,2,2,3,3,10,4,1,1,16,1
644,669,1116,5,2,1,1,4,3,1,1,16,1
645,670,1425,5,1,3,3,5,1,1,5,8,4
646,671, ,7,1,1,3,10,1,2,1,3,2
647,672,313,5,3,3,4,7,3,2,5,2,2
648,673,264,1,3,1,3,5,2,1,5,9,1
649,674,1264,2,1,1,3,2,5,2,3,3,1
650,675, ,-1,-1,-1,-1,-1,5,1,4,1,2
651,676, ,-1,4,4,1,1,5,2,1,19,2
652,677,73,4,4,4,4,10,2,1,6,12,2
653,678,40,1,1,1,3,7,2,2,5,1,2
654,679,146,3,1,1,2,7,1,2,5,6,2
655,680,990,3,1,1,1,8,6,2,1,10,1
656,681, ,2,3,2,3,5,3,2,5,14,1
657,682,993,2,1,1,1,5,1,1,5,7,2
658,683,226,7,2,1,3,5,2,2,5,13,1
659,684,883,5,1,2,3,6,5,2,5,7,1
660,685, ,3,1,2,1,7,2,2,1,16,3
661,686,1608,2,2,2,2,8,2,1,1,14,1
662,688,681,3,3,2,2,8,4,2,1,18,2
663,689,535,2,-1,-1,-1,-1,6,1,3,6,4
664,690,304,2,3,1,3,8,6,2,1,12,1
665,691,1606,2,1,1,2,7,4,2,1,19,2
666,692,339,4,3,1,1,7,5,2,3,16,1
667,693, ,1,3,1,2,7,6,2,6,13,1
668,694,1539,1,2,2,3,8,2,2,5,8,2
669,695,445,3,1,2,1,9,6,1,1,10,1
670,696,444,2,2,2,3,1,3,1,5,12,3
671,697,1614,1,2,1,-1,8,4,1,1,16,2
672,698,436,6,1,1,1,7,4,1,1,15,1
673,699,639,3,3,2,3,9,3,2,5,13,4
674,700, ,3,1,1,3,2,2,2,1,1,2
675,701,792,2,3,2,2,10,2,1,1,13,2
676,702,466,2,2,2,2,8,6,2,2,8,2
677,703,173,2,2,2,2,3,3,2,1,7,2
678,704,1017,5,1,1,3,8,4,1,1,13,2
679,705,960,2,3,2,3,8,6,1,1,11,1
680,706,581,2,1,1,3,7,6,1,1,12,1
681,707, ,3,2,2,3,7,3,2,1,19,3
682,708,917,5,1,1,3,2,3,2,5,6,2
683,709,383,3,2,1,2,7,5,2,3,9,2
684,710,14,2,3,1,3,9,6,1,3,9,2
685,711,293,4,2,2,2,5,5,2,3,3,1
686,712, ,5,2,1,2,7,4,1,6,13,1
687,713,116,3,3,2,3,8,7,2,2,10,1
688,714,1321,4,1,1,2,7,5,1,1,17,5
689,715,974,3,1,2,1,7,4,1,1,16,2
690,716,1605,3,2,1,2,9,5,2,1,18,1
691,717,550,2,3,1,3,8,3,1,1,17,2
692,718,388,3,2,1,2,5,3,1,6,15,2
693,719,1312,6,2,1,3,4,3,2,3,10,2
694,720,490,3,1,1,2,5,7,2,2,6,1
695,721, ,3,3,3,3,6,1,1,5,9,4
696,722,410,3,1,1,2,7,4,1,1,14,1
697,723, ,1,1,1,1,3,5,1,3,7,2
698,724,596,5,2,1,2,8,4,1,5,9,2
699,725,1309,4,2,2,3,7,1,1,5,6,5
700,726,1015,2,1,1,1,6,5,2,3,10,1
701,727,265,2,1,1,2,8,6,1,1,16,2
702,728,605,2,1,1,3,7,5,2,4,13,2
703,729, ,5,1,1,1,7,2,1,5,10,2
704,731, ,2,1,2,2,6,1,1,5,18,1
705,732,908,1,3,3,3,8,3,1,1,11,1
706,733,1481,5,1,2,1,6,1,1,5,16,1
707,734, ,7,1,1,2,6,4,2,1,16,1
708,735,398,4,2,2,2,5,1,2,5,1,2
709,736,899,3,2,2,3,6,2,1,5,13,1
710,737,1132,1,2,1,4,6,1,1,5,2,2
711,738,222,3,3,3,2,5,2,1,5,10,1
712,739,21,2,2,2,1,6,6,2,3,7,1
713,740,457,2,2,3,3,6,5,2,3,2,2
714,741,60,3,3,2,2,7,6,1,1,15,1
715,742,814,4,1,1,2,6,4,1,3,9,2
716,743,1247,3,2,2,2,9,5,1,1,17,2
717,744,421,6,1,1,2,3,3,1,1,7,1
718,745,427,6,2,2,1,5,6,1,2,7,1
719,746,950,6,3,2,3,9,5,1,5,13,1
720,747,423,2,1,1,1,9,1,2,5,11,2
721,748,149,4,1,1,1,2,6,1,3,4,1
722,749,556,3,1,1,2,8,1,2,5,11,2
723,750,948,1,2,1,3,6,6,2,2,4,2
724,751, ,1,1,2,2,5,1,2,5,1,2
725,752,299,2,2,1,2,10,5,2,1,10,2
726,753,850,5,2,2,2,8,6,1,1,14,1
727,754,25,3,1,1,2,4,6,2,3,5,1
728,755,835,2,2,1,2,8,6,2,3,8,2
729,756, ,3,2,2,2,3,1,1,5,4,2
730,757,878,1,1,1,1,7,3,2,5,1,2
731,758,1167,6,1,1,1,7,4,1,1,16,1
732,759,1449,3,1,1,2,8,3,2,4,11,1
733,760, ,1,2,1,1,5,2,2,5,6,2
734,761,393,3,3,1,2,9,4,1,5,13,2
735,762,1410,5,2,2,2,7,5,1,6,10,1
736,763,401,2,2,1,3,6,7,2,2,5,1
737,764,46,3,1,1,4,5,4,2,5,6,2
738,765,1248,2,3,1,3,9,5,2,1,13,2
739,766, ,1,2,2,2,8,4,1,1,19,2
740,767, ,2,-1,-1,-1,7,3,2,4,2,2
741,768,1633,-1,3,3,3,6,4,2,5,11,2
742,769,513,2,2,1,1,7,4,2,1,11,1
743,770,1398,3,2,1,3,7,1,2,1,5,2
744,771,419,2,-1,-1,3,-1,6,2,1,8,1
745,772,161,6,1,1,1,10,4,2,1,18,2
746,773,7,3,3,2,2,8,4,1,5,15,1
747,774,750,4,3,3,3,7,1,1,6,4,4
748,775,736,4,2,2,2,8,5,1,2,9,2
749,777,289,2,2,2,2,8,6,2,1,9,1
750,778,47,2,4,1,3,6,2,2,6,13,1
751,779,1008,2,2,3,3,10,2,2,1,13,1
752,780,522,4,2,1,2,6,3,1,1,18,2
753,781,1046,3,1,1,1,3,4,1,5,3,2
754,782, ,3,1,2,2,7,3,1,1,15,1
755,783,1185,3,2,2,2,6,4,2,1,19,1
756,784,425,7,1,1,2,9,5,2,2,9,1
757,785,1609,4,2,2,2,4,4,1,5,12,1
758,786, ,3,2,2,3,7,2,2,1,5,2
759,787,852,3,2,1,3,4,6,2,2,4,2
760,788,574,3,2,2,3,6,3,1,1,14,1
761,789,437,2,4,4,4,8,4,1,1,13,2
762,790,1610,3,2,2,2,7,3,1,5,8,1
763,791, ,7,2,1,2,4,1,1,5,6,4
764,792,1061,1,2,2,-1,6,3,2,1,6,2
765,793,555,7,1,1,2,6,4,2,1,17,2
766,794, ,3,3,2,2,9,6,1,1,14,2
767,795,749,2,2,2,2,7,5,1,5,13,2
768,796, ,2,1,1,3,1,5,2,5,6,2
769,797,570,3,2,1,2,8,2,2,1,13,1
770,798,1313,3,2,2,2,7,1,2,5,13,1
771,799,547,3,1,1,2,4,6,2,2,6,2
772,800,1039,3,1,2,2,7,2,2,5,10,1
773,801,1031,2,2,1,3,9,5,1,1,19,1
774,802,1319,3,2,1,1,8,6,2,1,17,1
775,803, ,7,3,1,1,10,5,1,1,17,2
776,804,143,3,3,2,3,8,7,1,5,18,2
777,805,469,2,3,3,2,9,5,1,1,15,1
778,806,1412,5,3,2,3,6,4,2,5,10,2
779,807, ,5,2,1,2,5,4,1,1,13,3
780,808,1631,3,2,1,2,7,3,2,1,16,1
781,809,432,1,1,3,2,7,4,2,1,13,2
782,810,1059,2,2,2,2,6,5,2,1,12,1
783,811,396,1,2,2,2,8,4,1,5,10,2
784,812,544,3,2,2,2,6,3,1,1,15,2
785,813,995,2,1,1,3,4,6,1,1,8,2
786,815,1108,3,1,1,1,10,6,1,5,10,1
787,816, ,2,2,3,2,10,5,2,1,19,2
788,817,1207,1,2,1,1,9,7,1,1,14,2
789,818,545,2,4,2,2,5,7,2,2,9,1
790,819,223,2,2,2,3,5,2,2,1,18,1
791,820,1175,1,2,2,2,8,1,1,5,5,1
792,821, ,5,1,1,1,4,4,2,5,8,4
793,822,699,3,2,2,4,-1,5,1,1,7,2
794,823,362,2,3,1,2,10,5,2,3,16,2
795,824,340,7,3,1,3,9,6,1,1,16,1
796,825,151,3,4,3,4,10,6,2,1,16,1
797,826,1184,3,3,2,4,9,6,1,1,15,2
798,827,72,2,1,1,1,4,4,1,5,10,1
799,828,1479,3,2,2,2,8,7,2,1,11,1
800,829,518,2,2,2,2,10,5,1,2,13,2
801,830, ,4,1,1,2,9,5,2,1,14,2
802,831,709,1,2,1,2,4,5,1,1,6,2
803,832, ,3,2,1,4,5,6,2,3,9,2
804,833,124,3,1,1,1,9,2,1,1,9,1
805,834,1582,7,1,1,1,7,6,2,1,9,1
806,835,235,2,2,1,2,8,2,2,1,11,1
807,836,1067,-1,1,1,1,1,2,1,6,9,1
808,837,1446,2,3,4,4,10,1,1,5,8,2
809,838,536,5,1,1,4,8,5,2,1,14,1
810,839,1143,2,2,2,1,6,1,2,5,5,2
811,840, ,1,1,1,1,7,1,1,5,9,1
812,841, ,3,3,1,3,6,2,1,1,15,2
813,842,1468,2,1,1,2,5,5,1,3,13,2
814,843,1171,2,4,1,4,7,4,2,1,12,2
815,844, ,3,2,2,4,10,6,2,1,15,1
816,845,193,5,2,2,2,7,4,1,1,16,1
817,846,1033,1,2,2,3,7,5,2,1,10,2
818,847,766,1,2,1,1,5,5,2,4,4,2
819,848,1003,1,2,2,1,6,4,1,1,13,5
820,849,1438,5,1,1,1,5,3,1,5,11,2
821,850,1018,2,1,1,4,1,6,2,4,4,2
822,851,488,2,4,4,3,8,3,2,5,6,2
823,852,74,1,4,4,4,10,5,2,1,12,2
824,853,1435,5,2,1,2,5,2,2,5,4,2
825,854, ,3,2,2,1,8,2,1,1,14,2
826,855,1193,4,3,2,4,6,3,2,1,17,2
827,856, ,6,1,1,4,4,2,2,1,9,1
828,857, ,2,2,1,2,7,2,2,1,12,1
829,858,1627,6,2,2,3,10,6,2,1,15,1
830,859,968,4,3,2,1,9,6,1,1,13,2
831,860,365,6,2,1,4,6,6,2,1,11,1
832,861,1507,1,3,1,2,7,5,2,3,13,2
833,862,875,3,3,1,2,7,7,2,2,9,1
834,864,221,-1,-1,-1,-1,-1,1,1,5,19,3
835,865,58,7,1,1,1,2,4,1,1,12,1
836,866,1520,5,2,1,2,7,4,1,1,17,1
837,867,1179,1,3,2,2,8,5,1,1,19,1
838,868,45,2,3,1,2,5,4,1,5,12,2
839,869,1200,2,2,1,1,5,4,2,1,15,1
840,870,1111,3,3,2,2,6,3,2,3,9,2
841,871,1637,3,3,3,3,10,5,1,1,18,1
842,872,848,4,1,1,1,4,5,2,1,11,2
843,873, ,2,3,2,2,8,6,2,1,18,2
844,875,306,-1,-1,-1,-1,-1,3,1,1,15,2
845,877,1208,2,2,2,3,6,6,1,2,13,2
846,878,588,3,1,1,2,7,6,1,1,16,1
847,879, ,3,2,1,1,8,2,2,1,11,1
848,880,208,5,2,1,2,3,3,1,1,19,1
849,881, ,1,1,1,4,10,1,2,6,5,2
850,882,1215,3,2,2,3,6,6,2,2,9,2
851,883,1182,1,1,1,-1,6,4,2,5,4,2
852,884,1635,1,2,2,2,5,4,2,5,11,2
853,885,1400,3,2,2,1,9,2,1,1,18,1
854,886, ,5,3,1,2,8,2,2,5,11,2
855,887, ,6,3,3,4,-1,5,2,3,11,2
856,888,1024,-1,-1,-1,-1,-1,4,2,1,15,2
857,889, ,2,3,2,2,6,5,2,5,12,2
858,890, ,3,2,2,2,8,1,1,5,16,1
859,892,1577,2,2,1,3,8,5,1,1,17,1
860,893,503,5,4,3,3,9,1,2,5,18,1
861,894,257,3,3,1,2,9,7,1,1,9,1
862,895,1042,5,2,2,1,8,6,1,3,14,2
863,896,500,2,2,2,2,7,5,1,1,17,1
864,897,1559,2,3,3,2,8,4,2,1,17,2
865,898,528,2,1,1,1,3,3,2,3,6,1
866,899,1538,-1,-1,-1,-1,-1,6,2,1,7,4
867,900, ,4,1,1,1,5,7,2,2,13,1
868,901,477,2,1,3,4,9,2,1,1,19,4
869,902,575,3,1,1,1,5,5,1,5,11,2
870,903,1437,3,3,2,3,8,7,1,3,16,5
871,904,558,5,2,2,2,8,5,2,1,11,4
872,905,67,3,2,2,3,6,4,1,1,12,2
873,906,1330,3,2,2,2,10,3,2,5,12,2
874,907,1458,2,2,2,3,9,5,2,1,18,2
875,908, ,3,4,4,4,8,2,1,5,15,4
876,909, ,3,3,2,2,6,1,1,5,12,2
877,910,415,2,2,2,2,6,3,2,1,16,1
878,911,578,6,1,1,1,7,5,1,5,12,2
879,912,618,2,1,1,2,5,5,2,1,11,4
880,913, ,1,1,2,1,8,1,2,6,19,1
881,914,242,2,2,2,3,6,5,2,5,3,2
882,915,647,3,1,2,2,4,4,2,1,11,1
883,916,858,3,1,1,2,5,3,2,1,11,1
884,917,1675,6,1,1,3,10,4,1,6,7,1
885,918, ,3,2,2,3,7,2,2,5,12,1
886,920,332,5,4,3,1,6,1,2,5,2,2
887,921,989,5,1,1,3,5,5,2,1,12,1
888,922,1262,4,2,2,4,9,5,2,5,5,2
889,923,1650,4,2,1,2,9,5,2,1,13,2
890,924,1192,6,1,1,2,1,3,2,5,3,2
891,925, ,5,2,1,2,4,2,1,6,7,2
892,927,515,4,-1,-1,-1,-1,4,2,5,14,2
893,928, ,3,2,2,4,6,3,1,6,3,2
894,929,1556,1,1,1,1,8,4,2,4,10,4
895,930,1225,3,1,1,1,6,4,2,5,1,2
896,931,987,3,3,2,1,9,5,2,3,17,2
897,932,1336,3,1,1,1,7,4,1,1,17,1
898,933,274,2,3,2,2,6,5,1,3,13,2
899,934, ,6,1,2,3,8,3,2,5,10,2
900,935,19,2,2,2,3,5,6,2,2,10,1
901,936,920,1,2,2,4,3,4,2,5,14,2
902,937,473,2,3,2,3,10,5,2,2,12,1
903,938, ,4,3,3,3,7,2,2,5,1,2
904,939,564,3,2,1,2,3,5,1,3,17,1
905,940,1652,2,3,2,3,7,4,2,1,16,1
906,941,22,2,3,2,2,7,7,2,6,11,1
907,942,713,2,3,3,4,6,5,2,1,13,2
908,943,1004,6,1,1,1,7,3,1,5,16,2
909,944,591,2,2,2,2,10,4,1,1,16,2
910,945,1055,4,2,1,1,5,4,1,3,2,2
911,946,1329,4,1,1,2,10,2,1,6,11,2
912,947,1387,2,1,1,2,6,2,2,3,2,5
913,948,65,6,1,1,1,10,5,1,1,13,1
914,949,1213,4,1,1,1,3,2,1,5,5,1
915,950,539,6,2,1,2,5,4,2,3,9,1
916,951,80,3,3,2,3,8,4,1,1,16,3
917,952,1419,1,1,1,2,7,3,2,5,10,2
918,953,1217,5,2,2,2,7,3,2,1,19,1
919,954, ,1,1,1,1,10,4,2,4,8,2
920,955,1016,5,1,1,2,5,6,1,1,7,1
921,956,1186,5,3,2,3,5,1,2,6,6,1
922,957, ,2,2,2,2,6,6,1,1,11,2
923,958,612,2,3,3,2,6,7,1,2,15,2
924,959,601,2,4,3,3,10,2,1,1,13,1
925,960,1638,3,4,4,4,10,1,1,5,6,2
926,961,81,1,2,1,3,3,5,2,1,15,2
927,962,1081,5,1,1,1,8,5,1,2,17,3
928,963,136,2,1,1,2,4,2,1,5,11,2
929,964,1681,4,3,1,2,8,6,2,3,4,2
930,965,1072,2,2,2,2,7,4,2,6,19,3
931,966, ,4,2,2,2,2,2,2,1,12,2
932,967, ,6,2,1,2,6,5,2,1,18,2
933,968,1477,4,-1,-1,-1,5,3,1,6,8,2
934,969,464,4,3,2,3,7,2,1,6,9,2
935,970, ,1,2,2,3,8,5,2,1,11,2
936,971,50,6,2,2,1,7,4,2,1,16,2
937,972,931,5,2,2,2,7,2,1,5,11,1
938,973,540,4,1,1,1,8,3,2,5,13,1
939,974,1136,4,2,1,3,5,3,1,6,7,2
940,975, ,2,2,1,2,7,5,2,6,16,1
941,976, ,5,1,1,3,3,5,2,4,4,2
942,978,579,2,2,2,2,7,5,2,1,13,2
943,979,237,3,3,2,3,8,7,1,1,6,2
944,980,256,3,2,2,3,8,4,1,1,19,2
945,981, ,5,1,1,1,4,4,1,1,10,1
946,982,937,3,3,2,4,7,6,1,1,19,2
947,983,959,2,2,1,1,6,5,2,2,16,2
948,984,1428,5,2,1,2,7,5,1,1,8,1
949,985,125,1,2,1,1,8,5,1,1,5,2
950,986,1516,3,2,1,2,5,5,1,1,4,2
951,987,1077,7,1,1,1,10,5,2,5,8,4
952,988,463,2,1,1,2,1,7,2,2,3,1
953,989, ,5,1,1,2,9,1,2,6,11,2
954,990,1380,2,2,1,2,7,4,1,1,19,3
955,993,1366,1,2,1,3,4,4,2,5,9,2
956,994, ,5,3,1,3,6,1,1,6,10,2
957,995,1219,2,2,1,2,10,6,2,3,7,2
958,996,87,2,2,1,1,6,5,1,3,14,2
959,997, ,6,2,1,3,1,1,1,5,12,1
960,998,577,3,1,1,1,3,4,2,2,2,2
961,999, ,5,2,1,2,4,6,2,1,16,2
962,1000,1254,5,1,1,2,4,1,1,5,10,4
963,1002,1518,2,2,2,3,7,4,1,5,4,2
964,1003, ,2,2,2,1,5,4,1,5,9,1
965,1004, ,5,2,1,1,5,4,1,5,4,2
966,1005,1454,6,4,4,4,9,3,2,3,8,1
967,1006,871,3,1,1,2,4,5,1,5,6,1
968,1007, ,2,4,1,3,5,5,1,3,14,2
969,1008, ,3,1,2,2,7,5,1,1,13,1
970,1009, ,3,1,1,2,6,4,1,4,14,2
971,1010, ,1,2,1,3,10,2,2,6,5,2
972,1011, ,1,3,3,3,10,2,2,5,1,2
973,1012,834,3,1,1,2,2,4,1,5,2,2
974,1013,1305,5,1,1,1,5,5,1,1,13,1
975,1014,1388,4,2,2,2,4,5,1,5,7,2
976,1015,632,1,2,2,3,6,3,2,3,10,2
977,1016,801,2,3,3,3,10,5,2,4,1,2
978,1017, ,5,1,1,3,1,5,1,5,12,2
979,1018,715,3,1,1,1,5,4,1,3,13,2
980,1019, ,1,3,2,3,6,6,1,1,11,1
981,1020,17,3,3,1,4,8,6,2,1,16,2
982,1021, ,4,1,1,1,5,1,2,1,3,2
983,1022,381,3,2,2,2,7,3,2,1,16,3
984,1023, ,1,-1,1,2,6,4,2,5,5,2
985,1024,309,3,1,1,2,9,4,2,3,7,1
986,1025,1352,2,2,1,-1,-1,7,1,1,15,1
987,1026, ,7,2,1,2,7,6,2,1,13,1
988,1027,1188,5,1,1,2,5,3,1,1,18,2
989,1028,140,1,2,1,3,2,1,2,5,1,2
990,1029,85,6,4,4,1,1,6,2,1,11,2
991,1030,688,4,1,1,2,4,5,1,1,9,4
992,1031,1342,3,1,1,2,5,5,1,3,5,4
993,1032, ,7,1,1,4,1,3,1,5,3,1
994,1033,499,3,2,1,2,8,4,1,5,18,1
995,1034,720,1,1,1,3,1,5,2,6,4,1
996,1035,94,6,3,2,2,8,4,2,5,14,2
997,1036,1256,4,1,2,1,6,3,2,5,12,2
998,1037,867,2,1,1,1,6,6,1,1,14,2
999,1038,567,2,2,1,2,10,4,1,1,17,2
1000,1039,684,2,2,2,3,9,4,1,1,19,1
1001,1040,765,1,3,2,3,8,5,2,6,16,2
1002,1041,1095,3,2,2,2,8,5,2,1,17,1
1003,1042, ,-1,1,2,2,10,3,2,5,1,2
1004,1043,323,2,3,1,3,8,5,2,1,15,2
1005,1044,371,2,2,2,2,8,5,2,1,13,2
1006,1045,892,2,2,1,2,7,4,1,4,4,2
1007,1046,195,5,2,2,2,10,4,1,6,14,2
1008,1047,97,3,3,2,2,7,2,1,1,16,1
1009,1048,895,4,2,1,2,4,5,1,3,13,2
1010,1049, ,5,1,1,1,4,4,1,1,2,3
1011,1050,169,5,2,1,3,7,5,1,3,12,1
1012,1051, ,2,2,1,2,7,1,2,6,9,4
1013,1052,127,4,3,2,3,8,5,1,3,17,2
1014,1054,743,3,2,1,2,9,6,1,1,14,1
1015,1055, ,4,1,1,2,7,2,2,5,5,2
1016,1056,1558,1,4,4,3,10,3,1,1,11,2
1017,1057,438,2,2,1,2,7,4,1,1,16,1
1018,1058,726,5,2,1,3,7,5,1,3,19,2
1019,1059,714,-1,4,3,2,6,1,2,1,4,1
1020,1060, ,6,1,1,1,4,3,1,5,7,4
1021,1061,729,2,2,2,2,8,2,2,6,10,3
1022,1062, ,2,1,1,2,4,7,1,1,11,1
1023,1063,1098,6,1,1,1,6,2,2,1,11,1
1024,1064,1064,1,3,2,3,6,5,2,5,6,2
1025,1065,881,-1,2,2,3,9,6,1,2,16,1
1026,1066,752,3,3,2,2,8,6,1,1,16,2
1027,1067, ,2,2,1,-1,5,2,1,5,1,2
1028,1068,101,6,2,1,2,6,5,2,1,9,1
1029,1069,1349,2,1,2,1,7,2,2,5,1,2
1030,1070,1372,3,1,1,1,6,3,1,1,11,2
1031,1071,1025,3,3,2,4,7,3,1,1,18,4
1032,1072, ,2,1,1,2,8,5,2,3,17,2
1033,1073,389,2,4,2,3,10,6,1,1,14,1
1034,1074,1314,3,2,1,3,7,2,1,1,13,2
1035,1075, ,3,2,2,3,6,1,1,5,1,2
1036,1076,571,7,1,1,1,4,3,1,1,10,2
1037,1077,1655,2,3,2,2,8,4,2,1,14,2
1038,1078,328,7,1,1,2,1,5,1,1,6,1
1039,1079, ,5,1,1,1,4,5,2,2,5,1
1040,1080,777,1,3,2,4,10,4,2,3,18,1
1041,1081,946,4,2,1,4,6,5,1,1,7,2
1042,1082,791,5,2,1,3,3,5,2,1,15,2
1043,1083,417,4,1,2,-1,5,6,1,5,8,2
1044,1084, ,2,3,2,3,10,6,2,1,15,1
1045,1085,1294,2,2,2,2,7,4,1,6,13,2
1046,1086, ,5,1,1,2,6,3,1,1,16,1
1047,1087,818,3,1,1,2,3,5,2,1,5,2
1048,1088,847,4,3,3,3,10,4,1,3,12,1
1049,1089,976,5,1,1,2,6,1,2,5,15,1
1050,1090,386,2,1,2,2,6,1,2,5,1,2
1051,1091, ,4,2,2,-1,-1,5,1,1,15,2
1052,1092,737,7,2,1,1,5,6,1,1,13,2
1053,1093, ,5,1,1,2,7,3,2,1,10,1
1054,1094,1554,1,1,1,1,5,6,1,1,5,2
1055,1095,658,1,2,1,1,8,6,2,1,12,1
1056,1096,888,2,3,3,3,8,5,1,1,18,2
1057,1097,1128,2,2,3,3,8,6,1,1,13,1
1058,1098,1293,2,2,1,2,8,5,1,5,13,2
1059,1099,687,7,1,1,1,5,3,1,3,6,1
1060,1100,722,3,1,1,2,6,4,2,1,9,2
1061,1101, ,7,2,2,4,7,2,1,5,9,2
1062,1102,804,2,1,1,1,2,5,1,1,4,1
1063,1103,1263,4,2,2,1,3,5,2,5,1,2
1064,1104, ,2,4,1,3,8,6,1,3,13,1
1065,1105,1431,2,2,2,2,8,5,1,1,13,1
1066,1106,452,2,4,3,4,10,7,2,2,16,1
1067,1107,723,3,2,1,2,4,2,2,3,8,2
1068,1108, ,1,3,2,3,7,3,1,5,11,4
1069,1109,41,2,2,2,2,10,5,1,1,16,1
1070,1110, ,1,2,2,2,7,3,2,4,13,2
1071,1111, ,1,2,2,2,4,1,2,5,1,2
1072,1112,1659,4,3,2,3,8,5,2,1,16,2
1073,1113, ,3,2,2,2,5,3,1,5,12,1
1074,1114, ,3,2,1,3,3,5,2,1,16,2
1075,1115, ,2,2,2,3,7,4,2,3,10,2
1076,1116,358,4,2,2,2,5,4,1,5,4,1
1077,1117,806,3,2,1,2,7,6,1,5,6,2
1078,1118, ,3,1,1,3,6,3,2,1,16,2
1079,1119,102,3,1,1,2,1,4,1,6,6,1
1080,1120,731,1,2,1,2,10,6,1,1,6,1
1081,1121,902,6,1,1,3,5,4,2,2,2,2
1082,1122, ,4,2,3,3,5,2,2,1,13,1
1083,1123,771,3,2,2,2,2,2,1,5,4,4
1084,1124, ,3,2,1,1,6,6,2,3,10,2
1085,1125,1484,3,2,1,2,5,1,2,5,6,1
1086,1126,334,4,2,1,3,8,3,2,1,9,1
1087,1127,541,3,1,1,1,9,5,1,1,15,2
1088,1128,314,4,1,1,1,8,2,1,5,11,2
1089,1129,61,6,1,1,1,10,5,1,1,19,3
1090,1130,844,3,2,1,3,6,4,1,4,11,1
1091,1131, ,2,3,1,2,8,6,1,1,12,2
1092,1132, ,4,3,2,3,10,3,1,1,13,2
1093,1133,1123,2,2,2,2,7,4,1,1,13,2
1094,1134,703,7,1,1,1,3,1,1,5,11,1
1095,1135,1337,7,1,1,1,2,1,1,5,1,2
1096,1136,1368,1,2,2,2,10,6,1,1,14,1
1097,1137,198,4,-1,-1,-1,5,2,2,3,10,4
1098,1138,1107,2,2,2,3,4,3,1,5,10,2
1099,1139,755,3,2,1,2,9,5,1,1,10,1
1100,1140,295,2,1,1,1,1,5,1,1,9,2
1101,1141,1117,-1,2,2,3,6,7,1,3,12,2
1102,1142,1124,4,2,2,2,8,3,2,5,1,2
1103,1143,209,1,1,2,3,8,7,1,1,7,1
1104,1144,690,1,2,1,3,7,4,2,1,16,2
1105,1145,126,1,4,4,4,10,2,2,5,15,2
1106,1146,412,2,1,1,2,8,5,1,1,15,1
1107,1147, ,1,1,1,3,8,6,2,1,13,1
1108,1148, ,7,1,1,2,7,5,2,5,7,1
1109,1149,882,2,1,1,2,5,6,2,3,5,1
1110,1150,1096,3,2,1,1,8,5,1,1,15,2
1111,1151,580,3,3,1,2,7,6,2,3,5,2
1112,1152,1183,6,1,1,2,1,4,1,1,11,1
1113,1153, ,3,2,2,3,8,4,1,5,12,2
1114,1154,516,3,2,2,2,4,2,2,1,1,2
1115,1155, ,3,2,2,2,7,3,2,3,16,2
1116,1156,1233,3,1,1,1,6,3,2,5,12,2
1117,1157,459,1,1,1,4,8,6,1,1,14,2
1118,1158,1341,3,1,2,1,7,7,2,1,9,1
1119,1159,748,2,1,1,2,5,3,1,1,12,2
1120,1160,1307,2,2,2,3,7,4,2,5,6,2
1121,1161, ,1,3,3,4,8,2,1,1,15,1
1122,1162,397,1,3,2,2,10,5,2,1,19,2
1123,1163,69,4,2,2,2,6,3,2,1,10,1
1124,1164, ,3,1,1,1,7,1,2,5,1,2
1125,1165,870,1,3,2,3,10,7,1,1,15,1
1126,1166, ,2,3,3,3,10,7,2,1,16,1
1127,1167,921,3,2,1,1,7,2,1,3,12,2
1128,1168, ,2,1,1,2,6,1,2,5,7,2
1129,1169, ,6,1,2,3,6,1,1,1,11,1
1130,1170, ,1,1,3,1,8,5,2,2,1,2
1131,1171, ,3,1,1,2,7,4,2,1,15,2
1132,1172,1094,1,1,1,1,3,2,2,1,1,2
1133,1173, ,4,-1,-1,-1,5,4,1,5,11,2
1134,1174,37,5,2,3,4,7,4,2,1,14,5
1135,1175, ,1,1,1,1,5,7,2,2,2,2
1136,1176,20,2,2,1,3,7,6,1,1,18,1
1137,1177,636,4,1,2,2,5,1,1,5,10,2
1138,1178,880,3,1,1,1,3,5,1,5,5,2
1139,1179, ,1,3,2,3,6,4,2,3,6,2
1140,1180,537,2,2,1,3,3,4,1,3,9,1
1141,1181,1537,7,2,2,2,8,6,2,1,16,2
1142,1182,1463,3,2,2,4,10,1,1,5,1,2
1143,1183, ,6,2,1,2,5,5,1,2,12,1
1144,1184,1594,2,2,2,3,9,4,1,1,17,1
1145,1185,510,2,3,1,1,7,5,2,3,8,1
1146,1186,922,6,1,1,1,8,4,1,1,11,1
1147,1187, ,6,1,2,2,10,3,2,1,10,2
1148,1188, ,2,2,2,2,8,3,1,1,13,2
1149,1189,738,3,1,1,2,4,4,1,6,8,1
1150,1190,119,3,1,1,2,7,6,2,1,17,2
1151,1191,448,1,2,2,3,8,3,2,5,7,2
1152,1192, ,3,2,1,2,5,7,2,3,15,1
1153,1193,1112,4,1,1,1,5,3,2,1,3,2
1154,1194,1374,2,4,2,4,9,7,1,1,16,2
1155,1195,724,5,2,2,1,8,6,2,1,15,1
1156,1196,1460,1,1,1,4,9,1,2,5,6,2
1157,1197,1519,7,1,1,2,5,5,2,3,12,2
1158,1198,1501,4,-1,-1,-1,4,3,1,1,5,1
1159,1199,487,3,1,1,3,7,3,1,5,10,2
1160,1200, ,3,1,1,2,2,2,2,5,2,2
1161,1201,330,2,1,1,2,6,6,2,3,11,2
1162,1202, ,3,1,1,1,5,3,2,5,2,2
1163,1203, ,1,1,1,1,10,1,2,1,8,2
1164,1204, ,2,2,1,2,7,6,2,3,14,2
1165,1205, ,1,4,1,3,9,5,2,2,8,2
1166,1206, ,3,1,1,3,7,7,1,1,13,2
1167,1207,1090,-1,-1,-1,-1,-1,2,2,5,16,5
1168,1208, ,4,2,2,3,4,4,2,3,1,2
1169,1209, ,1,3,2,3,8,5,1,1,13,1
1170,1210, ,2,1,2,2,7,6,2,1,11,1
1171,1211, ,1,4,4,4,10,2,2,1,8,2
1172,1212,1032,7,2,1,1,7,5,1,1,14,1
1173,1213,776,3,2,2,3,6,1,2,6,12,2
1174,1214, ,6,2,1,2,6,2,1,5,15,2
1175,1215,918,4,3,1,3,10,7,1,2,13,2
1176,1216, ,5,1,1,1,8,6,2,2,4,4
1177,1217, ,2,2,2,2,8,5,2,5,7,2
1178,1218,994,2,2,2,2,9,2,1,6,8,4
1179,1221, ,4,2,2,3,6,5,2,6,16,2
1180,1222,1676,1,3,2,4,10,3,1,1,16,1
1181,1223,1210,1,2,2,2,8,6,2,1,16,1
1182,1224,120,2,1,1,1,4,1,2,5,12,1
1183,1225, ,2,3,3,3,7,3,2,1,16,2
1184,1226,786,5,2,1,-1,5,5,2,2,16,2
1185,1227,485,3,3,1,4,7,6,1,1,13,2
1186,1228,98,3,1,1,-1,6,2,2,5,2,2
1187,1229, ,1,2,2,2,10,2,1,6,11,1
1188,1230,909,3,2,2,3,8,1,1,5,11,2
1189,1231,1226,2,2,2,2,7,3,1,5,11,2
1190,1232,830,1,3,2,3,10,6,1,1,14,2
1191,1233,706,7,1,1,1,5,6,1,1,7,1
1192,1234,138,1,2,1,1,6,3,2,5,10,2
1193,1235, ,2,4,4,4,10,4,2,1,13,2
1194,1236,916,2,1,2,3,4,6,1,1,9,1
1195,1237,1083,2,2,1,1,3,7,1,2,13,5
1196,1238,281,2,2,2,1,10,7,1,2,13,2
1197,1239,643,4,2,1,3,7,2,2,5,10,2
1198,1240, ,3,2,2,2,8,5,2,1,14,1
1199,1241,1674,3,2,2,3,5,2,1,5,11,2
1200,1242, ,3,2,2,3,8,5,1,1,17,2
1201,1243,1101,4,2,1,2,5,6,2,2,1,2
1202,1244, ,6,3,2,2,6,4,1,1,15,1
1203,1245,202,6,1,1,2,6,4,2,1,17,1
1204,1246, ,2,1,1,1,4,1,2,5,8,2
1205,1248,403,2,1,1,2,7,3,1,1,10,2
1206,1250,322,3,3,1,2,7,7,2,2,10,2
1207,1252, ,3,2,2,2,7,3,1,1,10,2
1208,1253,864,7,1,1,1,5,3,1,1,12,1
1209,1254, ,3,1,2,2,6,1,1,5,12,2
1210,1255,829,2,2,2,2,7,5,2,1,16,2
1211,1256,1384,4,1,1,1,8,3,2,5,9,2
1212,1257,461,3,1,1,1,4,2,2,1,6,1
1213,1258,585,3,1,1,1,4,4,2,1,7,1
1214,1259,1158,7,1,1,1,3,4,2,1,11,1
1215,1260,1138,5,2,1,2,8,5,2,1,18,2
1216,1261,1375,4,-1,-1,-1,5,6,2,5,8,1
1217,1262,1397,4,2,1,3,-1,5,2,3,6,2
1218,1263,1104,4,2,1,3,4,6,1,5,5,2
1219,1264,943,2,3,1,3,8,7,1,1,15,1
1220,1265,1348,3,2,1,2,7,4,1,1,15,1
1221,1266,188,2,1,1,2,6,4,1,3,15,2
1222,1267,1511,2,2,2,2,7,4,2,1,19,2
1223,1268,1147,3,2,1,2,3,6,1,4,4,2
1224,1269,1164,2,1,1,3,9,5,2,3,10,2
1225,1270, ,3,2,2,2,5,3,2,3,1,2
1226,1271,450,7,1,2,1,6,6,2,1,17,5
1227,1272,342,1,-1,2,2,10,7,2,1,9,1
1228,1273,903,2,1,1,1,2,4,2,3,1,1
1229,1274,569,3,2,2,2,7,3,2,1,8,1
1230,1275,1142,5,1,1,1,4,5,1,1,15,2
1231,1276,785,6,1,1,1,5,2,2,5,1,2
1232,1277, ,2,2,2,3,7,4,2,3,10,2
1233,1278, ,2,1,1,1,8,6,1,1,15,2
1234,1279,225,4,2,1,1,7,4,2,5,13,2
1235,1280,885,3,1,1,2,3,4,1,3,8,2
1236,1281,355,1,3,2,2,10,5,2,1,17,2
1237,1282,1006,1,3,2,2,8,6,1,1,17,5
1238,1283,1291,4,2,2,1,5,1,1,5,2,2
1239,1284, ,2,1,1,2,3,5,1,1,9,2
1240,1285,372,2,2,1,2,5,4,1,1,15,2
1241,1286, ,1,1,1,1,10,3,1,5,1,4
1242,1287,971,4,2,2,3,10,5,1,5,1,2
1243,1288,795,2,2,2,2,7,5,1,1,14,2
1244,1289, ,3,2,2,1,8,4,1,1,3,2
1245,1290, ,6,1,1,1,4,3,1,1,18,2
1246,1291,813,2,3,3,4,8,6,1,5,4,4
1247,1293,523,1,2,2,1,8,6,1,1,10,1
1248,1294,1332,3,3,2,4,7,5,1,1,19,2
1249,1295,395,3,2,2,2,8,7,1,1,12,1
1250,1296, ,1,2,1,2,5,4,2,5,8,2
1251,1297,1036,2,2,2,3,9,5,2,3,13,1
1252,1298,531,1,1,1,1,4,3,2,4,1,2
1253,1299,1122,2,1,1,1,7,6,1,1,10,2
1254,1300, ,6,3,2,-1,4,6,1,5,10,2
1255,1301,563,2,2,1,2,8,1,1,5,8,1
1256,1302,760,4,2,2,2,3,3,2,1,3,1
1257,1303, ,4,3,3,2,5,1,2,6,9,1
1258,1304,1172,6,3,2,3,10,6,2,1,15,1
1259,1305,1343,2,-1,-1,-1,8,6,2,1,19,4
1260,1306,1408,7,1,1,1,1,4,1,6,13,1
1261,1307,672,2,3,1,2,10,2,2,1,17,2
1262,1308, ,2,1,1,2,8,1,2,5,6,2
1263,1309,476,7,1,1,1,10,1,2,6,5,1
1264,1310,1273,4,2,2,2,7,6,1,1,15,2
1265,1311,1170,2,2,2,3,7,5,2,1,14,1
1266,1312,1391,2,2,2,3,10,4,2,1,18,2
1267,1313,70,1,3,2,2,4,2,1,5,17,1
1268,1314,117,1,1,2,1,5,4,2,3,10,2
1269,1315,805,4,2,2,-1,9,3,1,1,17,1
1270,1316,321,3,1,1,1,7,5,1,1,16,1
1271,1317,650,3,2,1,2,5,2,1,5,6,2
1272,1318,449,2,1,1,1,6,5,1,1,13,2
1273,1319,1557,6,1,1,1,7,5,2,1,19,2
1274,1320, ,4,1,1,1,1,5,1,1,1,1
1275,1321,1203,2,3,1,3,10,7,2,2,4,1
1276,1322,1604,5,1,1,2,6,5,2,6,7,1
1277,1323,1363,4,2,3,2,8,6,1,1,12,1
1278,1324, ,3,3,1,2,9,7,1,1,13,4
1279,1325,430,2,2,1,2,8,7,2,2,10,1
1280,1326,1205,7,1,1,2,1,4,2,1,13,2
1281,1327, ,2,2,2,2,5,6,2,1,10,2
1282,1328,1429,6,2,1,2,3,1,2,5,8,2
1283,1329,1421,3,2,2,3,8,6,2,1,16,3
1284,1330, ,7,1,1,2,3,4,2,1,4,1
1285,1331, ,4,2,2,2,7,6,2,2,2,2
1286,1332,590,1,2,1,3,6,1,2,5,10,4
1287,1333,1194,5,2,1,2,7,4,2,1,16,1
1288,1334,1472,1,2,2,3,7,1,1,1,15,2
1289,1335,1630,2,2,1,2,6,4,2,1,17,2
1290,1336,1206,3,3,3,3,5,4,1,1,18,2
1291,1337, ,3,2,1,3,9,5,2,1,16,2
1292,1338,1084,3,1,1,1,4,4,1,5,11,2
1293,1339,1510,3,2,1,1,6,1,2,3,11,2
1294,1340,9,2,2,1,3,9,5,1,1,14,2
1295,1341,1470,4,2,1,3,3,6,2,3,14,2
1296,1342,1685,1,4,2,4,9,4,2,1,11,1
1297,1343,215,4,3,3,3,10,4,1,3,7,2
1298,1344, ,3,2,2,2,5,3,2,1,18,2
1299,1345,467,2,2,2,3,10,3,1,1,19,1
1300,1347,905,2,2,1,1,3,4,2,5,5,2
1301,1348, ,3,2,4,2,6,3,1,6,1,2
1302,1349,1532,6,1,1,1,8,4,1,1,17,1
1303,1350,534,4,1,1,1,8,4,1,1,15,2
1304,1351, ,2,-1,-1,-1,-1,3,2,5,7,2
1305,1352,166,1,1,1,3,5,5,1,6,9,2
1306,1353,1527,6,2,1,2,7,7,1,3,13,2
1307,1354,1546,3,1,1,3,7,3,1,1,14,1
1308,1355, ,2,1,1,2,3,6,2,1,12,1
1309,1356,1315,2,2,1,3,10,5,2,1,19,2
1310,1357,1308,6,2,1,4,5,4,1,1,18,1
1311,1358,52,4,3,3,2,5,4,1,5,11,2
1312,1359,1512,-1,3,2,2,8,4,2,1,19,1
1313,1360,957,5,2,1,1,7,5,2,4,2,2
1314,1361,514,2,2,1,1,5,4,1,1,7,1
1315,1362, ,3,2,1,2,8,3,2,1,16,2
1316,1363, ,1,1,1,1,7,5,1,1,13,2
1317,1364,1099,7,3,2,2,8,5,1,1,14,1
1318,1365,815,2,2,2,1,7,1,2,5,1,2
1319,1366, ,2,2,2,3,5,3,2,1,18,2
1320,1367,573,2,2,1,2,9,1,1,5,16,1
1321,1368,669,3,1,1,4,7,5,1,1,13,2
1322,1369,1625,3,3,3,2,2,5,2,5,12,4
1323,1370,1190,2,2,2,1,5,3,2,1,14,1
1324,1371,1214,1,3,2,3,8,4,2,5,17,2
1325,1372, ,3,2,2,2,5,3,2,5,15,2
1326,1373,62,1,3,3,-1,8,6,2,1,12,2
1327,1374,1584,3,2,1,1,8,7,2,1,19,2
1328,1375, ,4,1,1,1,5,4,1,1,14,3
1329,1376,1350,5,1,1,1,5,6,1,1,11,1
1330,1377,595,2,1,1,2,7,5,1,2,3,2
1331,1378,258,5,1,1,1,4,5,1,1,8,2
1332,1379,592,3,1,1,1,2,4,1,5,2,2
1333,1380, ,2,1,1,2,8,4,1,1,15,1
1334,1381,229,2,1,1,2,10,3,2,1,17,2
1335,1382, ,6,1,1,2,-1,4,1,6,14,4
1336,1383,440,2,2,2,2,7,4,1,1,19,2
1337,1384,1013,3,1,1,2,8,2,1,6,8,2
1338,1385,1490,3,2,2,2,6,2,1,5,3,2
1339,1386, ,1,2,2,1,6,4,1,1,9,2
1340,1387,857,4,-1,-1,2,-1,7,1,1,15,1
1341,1389,1619,2,3,2,2,9,2,1,1,16,1
1342,1390, ,1,3,3,3,8,3,1,1,10,2
1343,1391,348,3,1,2,2,10,1,2,5,13,1
1344,1392, ,3,1,1,1,1,2,2,5,1,2
1345,1393,770,5,2,1,1,6,7,1,3,10,1
1346,1394, ,2,2,1,2,9,3,1,1,17,1
1347,1395,583,-1,-1,-1,-1,-1,1,1,5,9,2
1348,1396,1048,3,2,2,4,8,5,2,3,7,2
1349,1397,986,4,3,2,2,5,4,2,5,8,2
1350,1398,635,3,1,1,4,6,6,1,1,9,1
1351,1399, ,7,1,1,1,2,4,1,5,5,2
1352,1400,1235,1,1,2,2,10,4,2,3,7,2
1353,1401, ,2,2,1,2,10,3,2,1,19,2
1354,1402, ,6,1,1,1,5,3,2,5,10,2
1355,1403,130,3,1,1,1,4,5,2,1,10,1
1356,1404,174,6,2,1,2,8,6,2,1,16,2
1357,1405, ,1,4,4,4,10,4,2,1,19,2
1358,1406,1079,2,3,1,3,5,1,1,5,7,2
1359,1407,1407,2,2,1,3,6,3,2,5,10,2
1360,1408,638,3,2,1,1,6,4,1,4,13,2
1361,1409,691,2,2,2,3,7,5,1,6,10,2
1362,1410,159,1,1,1,1,8,3,1,5,10,2
1363,1411,1420,2,1,1,2,5,6,2,2,8,2
1364,1412,973,6,3,2,3,9,1,1,5,18,1
1365,1413, ,2,4,1,3,7,7,1,3,10,2
1366,1415,1030,1,4,1,2,5,3,1,5,7,4
1367,1416, ,2,2,2,3,5,4,2,1,14,2
1368,1417,1026,4,1,1,1,1,3,2,5,13,2
1369,1418,1475,-1,-1,-1,-1,-1,3,2,6,11,4
1370,1419,144,6,1,1,2,6,3,1,1,15,1
1371,1420, ,3,1,1,1,9,1,1,5,17,2
1372,1421,1562,2,2,2,2,8,1,1,5,12,1
1373,1422,462,2,2,1,1,7,5,2,1,10,3
1374,1423,86,1,2,1,2,6,2,2,1,8,2
1375,1424,1087,2,2,1,2,4,2,2,6,13,1
1376,1425,525,4,2,2,2,4,4,2,1,3,1
1377,1426,599,2,2,2,2,6,1,1,5,13,3
1378,1427,1125,6,1,1,1,2,2,1,5,13,2
1379,1428,277,2,1,2,2,3,1,1,5,15,3
1380,1429,1062,7,1,1,1,1,5,1,1,2,2
1381,1430,1306,2,2,1,1,7,3,1,6,17,1
1382,1431,897,1,3,2,4,8,4,1,1,16,1
1383,1432,1494,6,1,1,2,5,6,1,3,5,2
1384,1433,270,4,3,1,2,5,6,2,3,17,2
1385,1434,1486,3,2,1,2,5,5,1,1,8,2
1386,1435, ,6,2,1,2,7,5,1,1,19,1
1387,1436, ,1,2,2,2,3,3,2,1,11,2
1388,1438,133,2,3,2,3,7,5,2,3,11,2
1389,1439,1043,6,2,1,2,5,3,2,1,12,2
1390,1440, ,6,2,1,3,6,6,2,2,11,1
1391,1441, ,3,2,2,2,9,4,1,6,9,2
1392,1442,468,6,3,3,3,8,5,2,5,11,2
1393,1443,1157,2,2,1,2,6,3,1,4,3,2
1394,1444,148,1,2,1,3,10,5,2,1,15,2
1395,1445,1091,4,1,2,1,7,5,2,1,8,1
1396,1446,194,2,2,1,2,5,5,1,3,7,1
1397,1447,292,2,2,2,3,5,1,1,5,13,1
1398,1448,1224,5,1,1,2,6,2,1,5,8,2
1399,1449,1509,3,2,1,3,7,6,1,5,9,2
1400,1450,1041,2,1,2,2,7,3,2,1,10,1
1401,1451, ,2,2,2,3,5,4,2,5,7,2
1402,1452,1161,1,2,2,2,6,3,2,5,3,2
1403,1453,1367,4,4,4,2,8,5,2,1,6,1
1404,1454,1361,2,1,1,2,6,7,1,5,5,2
1405,1455, ,7,1,1,1,2,4,2,1,13,1
1406,1456,1357,4,2,1,2,4,5,2,6,13,2
1407,1457, ,2,2,1,2,10,2,1,6,15,2
1408,1458,458,1,1,1,1,10,4,2,2,1,2
1409,1459,310,2,2,1,1,2,6,1,1,11,2
1410,1460,1279,3,4,1,1,7,3,1,5,13,2
1411,1461,796,1,2,1,2,9,5,1,3,15,2
1412,1462,224,2,2,1,2,9,3,1,5,10,2
1413,1463,762,7,2,1,3,4,6,1,1,15,1
1414,1464,1355,3,3,2,2,8,3,2,1,15,1
1415,1465,860,2,2,2,2,5,5,1,1,2,2
1416,1466, ,5,1,1,2,5,4,2,3,11,1
1417,1467, ,7,1,1,1,6,5,2,1,14,1
1418,1468,260,2,2,2,2,9,6,1,1,18,1
1419,1469, ,2,2,1,3,7,4,2,5,8,2
1420,1470, ,3,2,2,2,8,3,1,1,15,2
1421,1471,969,6,2,1,1,5,6,2,1,12,1
1422,1472,1246,6,2,2,3,8,1,2,5,14,2
1423,1473,894,3,1,1,2,6,5,1,1,15,2
1424,1474,780,3,4,3,2,8,6,2,5,13,2
1425,1475, ,3,2,2,2,3,4,1,3,3,2
1426,1476,1434,1,4,1,3,8,5,2,3,14,1
1427,1477,1134,3,1,1,1,7,5,2,1,8,1
1428,1478,359,5,2,2,2,8,4,2,5,12,2
1429,1479,404,1,2,2,1,8,4,1,1,2,2
1430,1480,979,3,1,3,2,7,5,1,1,17,2
1431,1481, ,6,2,1,4,7,6,1,1,11,4
1432,1482,1483,2,1,1,1,4,3,1,3,9,1
1433,1483,1137,2,2,1,2,-1,6,2,3,8,2
1434,1484,945,3,2,1,2,7,5,2,3,10,2
1435,1485,1130,3,2,1,2,8,6,1,1,12,1
1436,1486, ,5,2,1,3,7,6,1,1,16,2
1437,1487,840,4,4,4,4,10,3,2,3,6,2
1438,1488,1586,5,3,1,1,8,6,1,5,12,2
1439,1489, ,7,1,1,1,7,5,1,1,15,1
1440,1490, ,2,2,2,2,5,4,1,4,3,2
1441,1491,1476,7,2,1,1,7,4,2,3,16,2
1442,1492,1221,4,3,1,3,8,6,2,1,12,1
1443,1493,1356,4,2,1,2,5,6,1,1,1,2
1444,1494,297,6,2,1,2,6,5,1,1,13,2
1445,1495, ,-1,-1,-1,-1,-1,1,2,1,10,2
1446,1496,1146,6,1,1,1,1,3,2,3,7,2
1447,1497, ,3,2,1,2,6,2,1,1,12,4
1448,1498, ,2,3,3,3,10,3,2,1,16,1
1449,1499,879,1,4,2,2,10,6,1,1,19,2
1450,1500, ,1,1,1,1,10,6,1,3,16,1
1451,1501,472,7,1,2,1,10,5,2,1,15,1
1452,1503,1489,2,2,2,2,7,5,1,1,17,1
1453,1504,1027,3,1,1,2,4,3,2,1,16,2
1454,1505,301,5,2,1,2,6,5,2,3,12,2
1455,1506,932,2,2,3,3,2,6,2,1,10,1
1456,1507, ,2,1,1,2,1,3,2,5,6,2
1457,1508,1381,2,2,2,2,8,4,2,1,13,4
1458,1509, ,3,3,1,2,5,7,2,1,10,1
1459,1510, ,1,2,1,2,5,4,2,3,1,4
1460,1512, ,4,1,1,2,4,3,2,1,12,4
1461,1513, ,4,2,2,2,5,3,1,3,5,3
1462,1514, ,4,2,2,2,5,4,1,5,6,2
1463,1515, ,4,1,1,2,8,3,1,1,12,2
1464,1516,1396,3,2,1,3,5,3,2,1,12,2
1465,1517,1149,5,1,2,3,7,4,2,1,13,1
1466,1518, ,1,4,4,4,8,5,2,3,12,1
1467,1519, ,7,1,1,1,5,4,1,1,13,2
1468,1520, ,4,3,2,2,6,5,2,5,1,2
1469,1521, ,4,3,1,-1,7,7,2,2,7,2
1470,1522,967,4,2,2,3,5,3,1,4,7,4
1471,1523,710,2,3,3,3,9,5,1,1,18,2
1472,1524, ,5,1,1,1,3,5,2,1,12,1
1473,1525, ,7,1,1,1,5,1,2,1,11,1
1474,1526,1156,3,2,1,2,6,6,2,2,3,2
1475,1527, ,2,3,2,3,9,6,1,1,13,2
1476,1528, ,3,1,1,1,7,5,2,1,12,2
1477,1529,1530,2,2,1,2,6,5,1,1,13,2
1478,1530,366,2,3,2,2,8,5,2,1,17,3
1479,1531,399,2,2,1,3,6,2,2,1,9,1
1480,1532,1276,2,1,1,1,3,2,1,5,7,2
1481,1533,1331,2,2,1,2,7,4,2,5,12,2
1482,1534,1395,2,2,1,3,6,5,2,1,15,2
1483,1535,1531,2,2,2,3,8,4,1,5,6,2
1484,1536,554,7,1,1,1,6,4,1,1,13,2
1485,1537, ,6,1,1,1,1,3,2,1,8,2
1486,1538, ,7,1,1,2,8,7,2,2,4,2
1487,1539,1001,1,1,1,1,5,4,1,3,12,1
1488,1540, ,3,2,2,2,7,1,2,5,8,1
1489,1541,1514,6,1,1,1,1,6,2,3,3,1
1490,1542, ,-1,-1,-1,-1,-1,2,2,5,2,2
1491,1543, ,2,3,2,1,6,4,1,1,13,2
1492,1544, ,3,1,1,1,4,4,1,1,14,2
1493,1545,71,2,2,2,3,7,4,2,3,1,2
1494,1546,1204,6,1,1,2,6,6,2,3,14,2
1495,1547,83,2,3,2,2,7,5,1,5,7,2
1496,1548,1065,3,1,1,1,9,6,1,1,14,1
1497,1549,1643,3,2,1,1,1,6,2,3,12,2
1498,1550,1150,3,3,2,2,10,7,2,1,16,1
1499,1551,497,7,2,1,2,9,5,1,6,16,5
1500,1552,414,2,2,1,3,7,3,2,1,14,1
1501,1553,1311,7,1,1,1,3,5,2,2,7,1
1502,1554,382,4,2,1,2,4,5,2,1,6,2
1503,1555,152,3,2,1,2,7,5,2,3,9,2
1504,1556, ,3,2,1,3,5,5,2,1,14,2
1505,1558,353,6,1,1,4,5,3,1,1,4,1
1506,1559, ,2,2,2,2,8,5,2,1,17,3
1507,1560,1012,2,4,4,4,10,3,2,3,7,2
1508,1561,929,3,2,2,3,9,5,1,1,12,1
1509,1562, ,2,2,2,4,10,3,2,3,13,2
1510,1563, ,2,3,2,4,10,6,1,2,14,4
1511,1564,406,3,1,1,2,2,2,2,5,7,4
1512,1565, ,1,1,1,1,3,3,1,6,3,2
1513,1566,82,7,1,1,3,6,4,2,1,14,1
1514,1567,424,4,2,2,3,6,3,2,3,8,2
1515,1568,587,3,1,1,2,7,1,1,1,6,2
1516,1569, ,1,3,3,3,5,2,1,1,13,2
1517,1570,628,2,1,1,1,3,3,1,5,2,2
1518,1571, ,1,2,2,3,8,5,1,1,19,1
1519,1572,110,3,1,1,2,6,6,2,2,8,1
1520,1573,683,1,3,2,4,8,3,1,1,13,2
1521,1575,1345,5,1,2,1,7,3,2,1,16,2
1522,1576,1646,3,2,2,2,7,4,1,3,9,2
1523,1578,447,2,1,1,1,7,5,1,1,16,1
1524,1579, ,5,1,1,3,6,5,2,1,9,1
1525,1580, ,2,3,2,2,10,7,2,1,13,1
1526,1581,211,3,2,2,3,7,5,1,5,12,1
1527,1582,155,1,1,2,3,-1,4,2,1,16,2
1528,1584,1274,5,1,1,1,6,4,2,1,17,2
1529,1585, ,3,1,1,1,8,2,2,1,13,1
1530,1586, ,1,2,2,2,10,1,2,5,5,2
1531,1587,1571,2,1,1,1,2,3,1,3,17,4
1532,1588, ,3,3,2,2,9,7,2,2,14,1
1533,1589, ,1,4,3,4,10,2,2,5,5,2
1534,1590, ,6,1,1,3,3,4,2,5,1,2
1535,1591,1211,2,3,4,1,8,1,2,5,16,1
1536,1592,480,3,3,2,2,9,3,2,1,17,1
1537,1593,589,2,3,2,3,7,3,2,1,16,2
1538,1594,876,2,3,1,3,7,5,1,1,16,2
1539,1595,606,1,2,2,1,10,6,1,1,14,1
1540,1596, ,1,2,2,3,7,1,2,4,8,2
1541,1597, ,5,1,1,3,7,5,2,2,17,2
1542,1598,1427,2,1,1,1,8,3,2,3,11,2
1543,1599,890,5,2,1,2,7,5,1,1,17,2
1544,1600, ,2,1,1,3,7,4,2,1,16,2
1545,1601,1068,3,3,2,4,5,1,2,5,1,2
1546,1602,1040,5,3,3,2,8,4,1,3,9,2
1547,1603,1144,3,3,3,3,9,4,2,1,19,1
1548,1604,936,5,2,2,2,6,4,1,3,13,2
1549,1605,57,6,2,2,2,1,2,1,5,11,1
1550,1606,145,6,1,1,2,4,4,2,1,9,1
1551,1607,300,2,3,1,2,7,1,2,5,16,1
1552,1608,1121,1,2,1,3,7,5,2,6,10,2
1553,1609, ,4,2,2,2,6,2,2,5,11,4
1554,1610,1174,6,1,1,2,4,3,1,6,8,1
1555,1611, ,7,1,1,1,5,3,2,1,12,1
1556,1612,653,1,2,2,3,7,4,1,1,10,2
1557,1613, ,4,2,2,2,5,3,2,6,8,1
1558,1614,268,2,3,2,4,6,5,1,1,13,2
1559,1615, ,5,1,2,1,3,5,1,1,1,1
1560,1616,1119,2,1,1,2,5,4,2,5,11,2
1561,1617, ,4,1,1,1,7,2,2,1,13,1
1562,1618,361,2,2,1,3,6,2,1,5,9,4
1563,1619,1093,4,2,2,2,6,2,2,5,7,2
1564,1620,1433,3,2,3,2,6,3,1,1,13,1
1565,1621,1686,2,3,2,3,6,6,1,3,13,2
1566,1622,502,1,1,1,1,5,3,1,1,11,5
1567,1623, ,3,2,2,2,2,4,1,5,8,1
1568,1624,1377,1,2,2,3,7,5,2,5,1,2
1569,1625,168,2,2,1,2,8,6,2,1,19,1
1570,1626,1010,2,-1,-1,-1,6,1,2,5,11,2
1571,1627, ,7,1,2,2,6,2,2,5,10,1
1572,1628,886,6,2,1,2,7,4,2,1,14,1
1573,1629,1322,2,4,2,3,5,6,1,1,12,2
1574,1630,231,1,2,2,1,3,4,2,3,11,2
1575,1631,1599,3,1,3,2,6,4,1,4,10,4
1576,1632,1243,2,2,2,2,10,4,2,1,15,2
1577,1634,1126,1,2,2,2,4,1,1,5,8,2
1578,1635,1281,6,2,2,4,10,5,2,3,16,2
1579,1636,1640,3,2,1,1,5,5,2,3,17,1
1580,1637,824,6,2,1,1,8,6,1,3,8,3
1581,1638,1115,3,4,3,2,8,6,1,1,16,1
1582,1639, ,5,1,1,2,7,4,2,1,16,2
1583,1640, ,5,1,1,2,6,2,1,1,11,4
1584,1641,1439,2,2,1,2,6,1,1,5,15,2
1585,1642, ,3,2,1,2,6,4,2,1,7,2
1586,1643,552,3,2,1,2,7,5,2,1,13,1
1587,1644,1278,4,3,2,3,10,3,2,1,19,2
1588,1645,319,7,3,1,3,8,6,2,1,17,2
1589,1646, ,2,3,3,3,9,6,2,1,16,1
1590,1647, ,2,2,2,3,7,1,2,5,9,1
1591,1648, ,1,2,2,3,5,2,2,5,2,2
1592,1649,378,2,3,3,2,5,3,2,1,17,2
1593,1650, ,1,1,1,2,9,3,1,6,7,2
1594,1651, ,2,1,1,1,8,3,2,5,12,2
1595,1652,1669,1,-1,1,1,1,2,2,5,6,2
1596,1653,134,5,2,-1,2,6,2,1,5,16,2
1597,1654,1153,5,1,1,3,8,4,1,5,15,2
1598,1655, ,3,1,1,1,7,2,1,5,16,1
1599,1656,1271,2,3,1,2,9,3,1,1,16,1
1600,1657,600,4,2,1,3,10,4,2,5,3,2
1601,1658, ,1,3,3,2,10,4,2,5,4,2
1602,1659, ,2,3,3,3,8,4,2,3,7,2
1603,1660, ,6,1,1,2,6,3,1,6,12,4
1604,1661,811,4,3,1,3,6,5,1,1,13,2
1605,1662,783,3,2,2,2,7,4,1,1,19,2
1606,1663,1239,7,1,1,1,3,5,1,2,13,1
1607,1664,906,2,2,2,2,7,3,1,5,7,2
1608,1665,38,5,1,1,2,9,6,2,2,2,1
1609,1666, ,2,2,1,2,7,1,1,5,11,2
1610,1667,172,3,3,3,3,7,7,1,1,13,2
1611,1668, ,1,1,1,4,8,2,1,5,11,2
1612,1669,1645,5,1,1,-1,1,3,1,6,1,2
1613,1670,454,6,1,1,2,8,3,2,1,15,4
1614,1671,75,6,2,2,2,8,6,1,1,11,1
1615,1672, ,3,2,1,2,6,4,1,1,14,1
1616,1673,1473,2,2,2,1,7,4,2,1,17,1
1617,1674,939,4,3,2,-1,-1,7,1,2,10,1
1618,1675,598,2,3,3,3,7,2,1,1,11,1
1619,1676, ,2,2,2,2,7,3,2,1,19,1
1620,1677,1045,4,2,1,2,5,6,2,1,13,2
1621,1678,958,2,2,2,2,8,4,1,1,18,3
1622,1679,1464,5,1,1,2,6,4,1,1,17,1
1623,1680,1607,3,2,2,4,8,6,1,1,18,2
1624,1682,1127,5,1,1,1,5,2,2,1,4,5
1625,1683,54,2,2,2,2,6,4,2,1,16,2
1626,1684, ,4,1,1,2,5,6,2,1,12,1
1627,1685, ,3,3,2,3,8,6,1,3,13,1
1628,1687,1237,3,1,1,2,5,2,2,5,1,2
1629,1688,1515,2,2,-1,2,8,2,2,5,7,2
1630,1689,789,6,1,1,1,4,3,2,1,10,2
1631,1690,135,4,1,1,1,5,3,1,1,14,2
1632,1691, ,4,1,1,1,3,2,2,5,1,2
1633,1692,1503,3,1,1,2,9,2,2,1,11,2
1634,1693,1280,4,2,1,1,5,4,1,5,8,4
1635,1694,907,5,2,1,2,6,5,1,1,14,1
1636,1695,1191,2,2,2,3,7,3,1,1,13,1
1637,1696,1014,4,3,2,3,6,3,2,1,10,1
1638,1697,853,3,1,1,4,10,3,2,1,8,2
1639,1698,1228,3,-1,-1,-1,-1,3,1,1,16,3
1640,1699, ,6,2,1,2,5,6,2,3,8,1
1641,1700,1201,2,2,2,2,3,2,2,5,1,1
1642,1701,374,6,1,2,2,7,3,1,1,14,2
1643,1702,465,2,3,3,2,7,6,2,1,13,3
1644,1703,1414,3,2,1,1,7,4,2,5,13,5
1645,1704,1409,3,2,1,2,6,3,2,5,12,5
1646,1706, ,2,2,2,2,7,3,1,1,14,1
1647,1707, ,3,1,1,1,7,1,2,6,1,2
1648,1708,408,5,2,2,1,7,5,1,1,4,1
1649,1709,1406,5,3,2,2,10,5,2,3,15,2
1650,1710, ,6,2,1,2,7,5,2,5,16,2
1651,1711,717,3,1,1,1,7,6,1,3,8,1
1652,1712,1603,2,3,2,2,10,3,2,1,10,2
1653,1713,629,5,2,1,3,6,5,2,1,17,2
1654,1714, ,3,2,1,1,2,1,1,5,7,2
1655,1717, ,3,4,1,2,7,6,2,1,11,1
1656,1718,442,3,2,1,1,6,4,2,6,9,2
1657,1719,422,6,1,1,1,5,6,2,3,7,2
1658,1720,1613,3,1,1,2,6,5,1,5,10,2
1659,1721,379,3,3,3,4,7,3,1,1,17,2
1660,1722, ,2,1,1,3,7,4,2,2,7,2
1661,1723, ,2,3,3,4,9,5,1,1,16,1
1662,1724, ,2,3,3,2,7,3,2,5,19,1
1663,1725,496,2,3,2,3,6,4,1,3,13,2
1664,1727,1566,4,1,1,3,6,1,1,5,8,2
1665,1728, ,3,1,1,2,10,5,1,5,3,2
1666,1729,741,3,2,1,2,7,6,2,3,10,2
1667,1730, ,4,1,1,2,6,5,1,6,16,2
1668,1731,356,3,3,2,2,8,6,2,1,12,1
1669,1732, ,1,2,2,2,9,4,1,1,13,1
1670,1733, ,1,1,2,2,7,5,1,1,12,4
1671,1734,1453,7,2,1,2,1,5,1,3,15,2
1672,1735,977,4,1,1,2,5,3,2,6,11,2
1673,1736,1300,4,2,2,2,6,7,1,1,11,1
1674,1737,1218,1,3,3,4,7,6,2,2,14,2
1675,1738, ,2,2,2,2,9,2,1,5,9,2
1676,1739, ,4,2,1,3,1,6,2,3,4,4
1677,1740, ,2,3,2,3,7,4,2,3,9,2
1678,1741, ,1,2,1,-1,10,1,2,6,11,2
1679,1742, ,2,4,1,4,8,1,1,5,18,1
1680,1743,156,1,2,2,3,8,3,1,1,18,2
1681,1744,1570,4,2,2,3,7,1,2,6,1,2
1682,1745,505,3,2,2,1,8,3,2,1,18,2
1683,1748, ,4,2,-1,2,5,2,1,5,8,3
1684,1749, ,3,2,2,2,10,5,2,6,19,2
1685,1751,1270,2,2,1,1,6,1,1,5,7,1
1686,1752,1053,2,2,1,2,9,4,2,1,6,1
1687,1753, ,3,2,1,2,5,2,2,5,8,1
1688,1754,947,5,1,2,2,4,5,2,1,17,2
1689,1755,123,2,1,1,2,7,3,1,1,11,2
1690,1756,1187,3,2,1,2,6,5,1,1,12,1
1691,1758,962,2,1,2,-1,5,3,1,1,11,1
1692,1759,238,2,1,2,2,9,2,1,5,10,2
1693,1760,1671,6,2,2,3,5,3,2,1,11,1
1694,1761, ,1,2,2,4,8,6,1,6,16,4
1695,1762,418,1,1,1,2,3,2,2,1,16,2
1696,1763, ,1,4,4,2,5,4,2,1,8,2
1697,1764, ,2,3,2,2,8,5,2,5,17,2
1698,1765, ,2,3,2,2,9,6,1,1,15,2
1699,1766,346,5,2,1,1,5,6,1,1,17,1
1700,1767, ,4,2,2,3,4,4,2,1,14,4
1701,1768,1502,1,1,1,2,5,3,2,5,1,2
1702,1769, ,3,2,2,1,8,1,2,5,8,2
1703,1770,504,3,2,2,2,6,6,2,1,16,2
1704,1771,1612,3,1,1,1,6,6,1,1,9,1
1705,1772,1245,3,2,1,2,6,4,1,5,1,1
1706,1773,1508,2,3,2,4,7,2,2,5,8,2
1707,1774, ,7,1,1,2,7,5,1,1,13,1
1708,1775, ,3,1,2,2,8,2,2,5,9,1
1709,1776, ,3,1,1,3,3,5,2,1,9,1
1710,1777, ,4,3,2,3,5,7,2,2,9,1
1711,1778, ,6,1,1,2,6,3,1,1,12,1
1712,1779,109,5,2,1,2,8,4,1,5,12,2
1713,1780,326,5,2,1,2,9,3,2,1,18,2
1714,1781, ,4,2,2,2,6,3,2,5,2,2
1715,1782,234,6,2,1,3,7,6,1,1,16,1
1716,1783,1325,3,2,2,3,8,2,2,1,13,4
1717,1784, ,5,3,2,2,8,1,2,5,12,1
1718,1785,1591,3,3,3,2,7,2,2,6,15,2
1719,1786,370,6,2,2,3,7,3,2,5,16,1
1720,1787, ,6,1,1,4,5,2,1,6,6,2
1721,1788,1673,2,2,1,3,8,4,1,1,14,1
1722,1789,1629,7,1,1,1,3,4,2,1,15,1
1723,1790,779,6,2,2,1,6,5,1,3,8,1
1724,1791, ,5,1,1,1,7,4,2,1,17,2
1725,1792,761,2,2,1,2,7,5,1,1,15,1
1726,1793,1035,2,1,1,3,4,5,2,2,4,2
1727,1795, ,1,4,1,2,9,3,1,1,12,1
1728,1796,1600,2,2,1,3,7,5,1,1,14,2
1729,1797, ,5,2,1,2,7,4,2,5,18,2
1730,1798,1628,7,1,1,1,2,3,1,5,3,1
1731,1799, ,7,1,1,2,2,5,1,5,7,2
1732,1800, ,2,3,1,3,6,7,1,1,13,2
1733,1801, ,2,2,1,2,8,3,1,1,16,2
1734,1802,107,2,1,1,3,4,5,2,5,12,2
1735,1803,790,4,2,2,3,5,5,2,1,11,2
1736,1805, ,2,2,1,2,10,5,2,1,19,2
1737,1806, ,3,3,2,3,8,6,2,1,16,1
1738,1807, ,3,2,1,2,6,3,1,1,16,2
1739,1808,1543,3,2,1,2,5,6,2,1,11,1
1740,1809,1465,3,2,1,2,8,4,1,1,17,3
1741,1810,181,3,2,2,2,5,2,1,5,8,2
1742,1811, ,2,2,2,2,9,3,1,1,10,4
1743,1812, ,3,1,1,2,2,3,1,1,8,3
1744,1813, ,1,2,1,1,1,4,2,1,3,1
1745,1814,1418,4,-1,-1,-1,-1,3,1,6,7,4
1746,1815, ,4,1,2,2,7,2,2,6,2,2
1747,1816,89,4,1,1,1,6,6,1,3,16,2
1748,1817, ,6,1,2,3,8,4,2,1,9,2
1749,1818, ,1,3,2,4,9,4,1,1,12,2
1750,1820,1074,5,2,1,2,7,6,2,1,15,2
1751,1821,176,5,3,2,-1,8,5,2,1,16,2
1752,1822,1679,7,1,1,1,5,1,1,5,8,2
1753,1823,1462,5,2,1,1,7,6,2,3,16,2
1754,1824, ,3,3,3,3,5,3,2,5,9,2
1755,1825, ,5,1,1,1,5,4,1,5,8,1
1756,1826, ,7,2,1,1,7,6,2,1,15,2
1757,1827, ,7,1,1,2,2,5,2,6,7,5
1758,1828, ,2,3,3,3,4,4,1,3,10,2
1759,1829, ,2,2,1,2,5,5,2,1,15,1
1760,1830,345,3,2,2,2,5,3,2,5,10,2
1761,1831,704,1,3,2,2,10,4,2,1,18,1
1762,1832,42,3,2,1,2,7,4,1,3,15,2
1763,1833,680,3,2,1,3,4,5,2,3,6,1
1764,1836,667,5,2,1,2,8,5,2,6,18,2
1765,1837,1459,1,3,2,2,8,5,1,1,16,1
1766,1838, ,7,2,1,2,7,3,2,1,16,1
1767,1839,924,3,1,1,1,7,5,2,1,13,1
1768,1840,810,6,1,1,1,4,4,2,1,7,1
1769,1841,1564,5,1,1,1,5,2,1,1,8,4
1770,1842,1181,6,2,1,1,8,4,2,1,16,1
1771,1843,443,4,2,3,3,5,5,1,5,1,2
1772,1844,220,2,2,2,2,5,6,1,1,9,1
1773,1845,543,3,2,1,1,4,3,2,1,16,1
1774,1846, ,3,2,1,1,4,6,1,3,8,2
1775,1847,509,3,1,2,3,9,2,2,1,17,1
1776,1848,524,5,1,1,1,3,6,1,1,8,1
1777,1849,1088,2,1,1,3,4,6,2,3,6,1
1778,1850,1145,2,2,1,3,7,3,1,1,11,1
1779,1851,1424,4,2,1,2,7,1,2,5,16,1
1780,1852,1327,5,2,1,4,7,3,2,1,17,1
1781,1853,96,2,2,1,3,9,5,2,5,13,2
1782,1855, ,3,2,2,2,7,4,2,1,1,2
1783,1856,165,2,1,1,2,8,3,2,1,16,2
1784,1857,1231,5,1,1,1,5,6,1,1,9,1
1785,1858, ,4,-1,-1,-1,-1,5,2,3,13,2
1786,1859, ,2,2,1,2,6,3,2,1,11,2
1787,1862,1346,4,3,3,3,9,4,2,3,11,2
1788,1863,872,2,2,1,2,10,5,2,1,13,1
1789,1864,1253,2,1,1,2,2,7,2,1,10,2
1790,1865,767,6,1,1,2,5,2,2,5,9,2
1791,1866, ,7,1,1,1,8,3,1,1,13,2
1792,1867, ,2,3,2,4,4,5,1,1,16,2
1793,1869, ,1,2,1,1,8,4,1,1,12,4
1794,1870,1585,3,3,3,2,9,3,1,1,19,1
1795,1871,1240,7,1,1,1,1,6,2,6,1,1
1796,1872,891,6,-1,1,1,6,6,2,6,11,2
1797,1873, ,1,2,1,3,7,4,2,5,14,1
1798,1874, ,3,3,3,3,7,2,2,5,15,1
1799,1875,1487,1,2,1,3,8,5,2,3,17,2
1800,1877,251,1,2,1,1,2,4,1,1,17,1
1801,1878,1338,2,2,1,3,8,5,2,1,12,2
1802,1879,1110,4,3,3,3,6,5,2,1,10,2
1803,1880,1297,3,1,1,4,6,4,2,1,12,2
1804,1881, ,6,2,1,2,6,5,1,1,13,1
1805,1882,671,4,2,1,2,9,5,1,1,15,1
1806,1883,1385,4,2,2,3,8,5,2,1,16,2
1807,1885, ,3,1,2,3,5,2,1,5,3,2
1808,1886,131,1,3,1,2,7,4,2,1,16,1
1809,1887,1106,1,3,2,4,9,3,1,1,13,1
1810,1888, ,2,2,1,1,7,6,2,1,11,1
1811,1889, ,3,2,1,2,6,1,1,6,12,2
1812,1890,1265,2,3,2,3,7,3,2,1,17,2
1813,1891, ,3,2,2,4,3,1,1,5,2,2
1814,1892,1553,1,4,2,4,10,4,2,1,17,2
1815,1893,538,2,1,1,4,5,4,1,1,13,1
1816,1894,787,2,2,1,2,8,4,2,1,16,1
1817,1895,26,2,3,2,2,10,3,2,1,18,1
1818,1896, ,1,3,1,1,1,5,2,3,5,2
1819,1897, ,4,2,1,3,7,3,2,1,6,2
1820,1898,212,4,3,1,3,5,7,1,1,7,2
1821,1899,302,3,2,1,3,8,4,2,1,16,2
1822,1900,1542,1,2,1,1,2,2,2,5,1,2
1823,1901,1166,5,1,1,2,1,6,2,3,12,1
1824,1902, ,1,1,2,1,9,5,2,4,5,2
1825,1903, ,6,1,1,2,8,5,1,1,8,2
1826,1904, ,2,2,2,3,10,7,1,1,14,1
1827,1905, ,6,1,1,1,6,4,1,1,18,2
1828,1906,701,2,1,2,3,6,2,2,5,11,2
1829,1907, ,2,1,1,2,5,3,1,6,3,2
1830,1908,1651,1,4,3,4,7,3,2,6,16,2
1831,1909, ,7,1,1,1,1,2,1,5,1,2
1832,1911, ,1,3,2,3,5,5,2,3,4,2
1833,1913,980,4,1,1,1,5,4,2,1,7,1
1834,1915,1057,7,2,1,2,7,4,1,1,19,1
1835,1916,757,4,2,2,2,7,4,1,1,18,1
1836,1917,1561,4,1,1,1,1,6,2,3,1,2
1837,1918, ,2,2,2,2,6,2,2,1,16,2
1838,1919,1379,2,2,1,2,10,1,1,5,6,2
1839,1920, ,4,3,2,3,10,6,2,2,18,2
1840,1921,1455,5,2,1,3,5,6,2,4,8,2
1841,1922,1474,1,2,2,2,6,4,2,1,15,1
1842,1924,185,2,2,1,3,-1,1,1,5,8,2
1843,1925,254,2,2,2,3,5,3,1,1,16,1
1844,1926,114,2,1,1,2,7,6,1,1,8,2
1845,1928,1601,1,2,1,3,1,5,2,5,12,2
1846,1929,1383,3,2,1,2,5,5,2,3,12,2
1847,1930,1682,3,2,1,2,8,2,2,6,15,2
1848,1931, ,6,2,1,2,6,5,1,3,10,2
1849,1932,925,2,2,2,3,7,4,1,1,11,2
1850,1933, ,2,2,2,2,5,4,2,1,15,1
1851,1934,1618,3,1,1,4,4,4,2,3,4,2
1852,1935,1371,3,2,1,3,8,6,1,1,10,1
1853,1936,1657,3,2,1,3,6,5,1,1,16,2
1854,1937,1359,3,4,3,4,9,3,1,1,17,1
1855,1938,1452,3,2,1,2,5,5,2,1,8,2
1856,1940,182,2,1,1,1,10,1,1,5,4,2
1857,1941, ,4,1,1,1,10,1,2,6,2,2
1858,1942,1113,1,2,3,4,9,1,2,5,16,1
1859,1943, ,2,4,2,3,7,1,2,5,1,2
1860,1944, ,3,2,2,2,7,6,2,3,14,1
1861,1945,657,4,2,1,2,3,5,1,4,12,2
1862,1946,702,5,2,2,-1,6,5,1,1,17,1
1863,1947,866,4,2,2,2,5,5,1,3,14,2
1864,1948,1173,6,1,1,1,5,1,2,5,8,2
1865,1949, ,2,2,1,1,10,6,2,1,15,1
1866,1950,132,7,1,1,1,1,2,1,5,10,1
1867,1951, ,1,1,1,4,6,1,2,5,9,2
1868,1952, ,3,1,1,2,7,3,2,1,15,1
1869,1953, ,4,2,2,2,5,5,2,3,4,2
1870,1954,1266,2,2,1,3,5,5,2,1,6,2
1871,1955,1071,3,1,1,2,5,3,1,1,11,1
1872,1956, ,3,2,1,2,3,4,2,4,8,3
1873,1957,192,3,3,1,4,9,2,2,1,18,1
1874,1958,111,2,1,1,2,8,4,2,1,19,2
1875,1959, ,1,2,1,4,3,2,2,5,8,4
1876,1960, ,1,1,1,2,8,4,2,6,10,4
1877,1961, ,5,2,1,2,3,5,2,3,6,2
1878,1962,369,3,2,1,3,5,6,2,1,11,2
1879,1963,1444,3,2,1,4,10,5,2,2,8,2
1880,1964,263,3,2,2,2,5,4,1,1,5,2
1881,1965,79,1,2,2,2,5,1,1,5,1,2
1882,1966, ,2,1,1,1,2,4,1,3,7,4
1883,1967, ,2,1,1,2,3,4,2,2,6,2
1884,1968, ,5,2,2,2,7,3,1,1,19,5
1885,1969, ,3,1,1,1,6,3,1,6,12,4
1886,1970, ,5,1,2,2,7,5,2,1,11,2
1887,1971, ,1,1,1,2,4,5,1,3,1,1
1888,1972, ,3,1,1,2,6,4,1,1,16,1
1889,1973, ,1,1,1,1,6,5,1,1,12,2
1890,1974, ,5,1,1,1,1,4,2,4,2,1
1891,1975,1285,2,1,1,3,4,4,2,5,5,2
1892,1976,756,4,1,1,2,4,2,1,5,8,2
1893,1977,1196,-1,1,1,4,3,4,2,3,1,2
1894,1978,1639,2,2,2,3,8,4,1,1,17,3
1895,1979,1275,2,1,1,2,7,1,2,5,14,2
1896,1982,1534,5,1,1,4,6,2,2,6,9,2
1897,1983, ,3,2,1,2,7,2,1,5,11,2
1898,1984,163,3,1,1,1,9,1,2,5,11,5
1899,1986, ,3,2,2,2,4,2,2,6,8,2
1900,1987,839,3,2,1,1,9,3,2,1,17,1
1901,1988,294,2,3,2,3,3,2,1,5,15,1
1902,1989, ,1,2,1,1,8,4,1,3,12,2
1903,1990,141,6,1,1,1,4,6,2,2,7,1
1904,1991, ,4,2,1,2,6,3,1,1,16,1
1905,1992,1310,3,2,2,4,7,3,2,3,10,2
1906,1993, ,6,1,1,1,5,4,2,1,14,1
1907,1994, ,2,3,3,3,9,3,1,5,10,2
1908,1996, ,3,1,2,1,3,4,1,5,13,1
1909,1997,1620,2,3,1,3,7,5,1,5,10,1
1910,1998,812,2,3,3,2,8,6,1,1,13,1
1911,1999,970,1,4,2,3,9,5,2,1,13,2
1912,2000,1223,2,1,1,3,6,3,2,1,12,2
1913,2001,1335,6,2,2,2,6,4,2,5,13,2
1914,2002, ,2,2,2,2,7,5,2,3,4,1
1915,2003,1216,7,1,1,1,5,5,2,3,9,5
1916,2004,1272,7,1,1,1,3,4,2,1,8,1
1917,2005,521,5,1,1,3,7,3,1,1,15,4
1918,2006, ,5,-1,1,2,4,5,2,4,10,2
1919,2007, ,1,2,1,3,6,4,1,5,9,4
1920,2008,1324,5,1,1,2,5,5,2,3,1,1
1921,2009,617,3,3,3,4,7,1,1,5,6,2
1922,2010, ,1,2,3,3,5,4,1,3,12,1
1923,2011,344,7,2,4,4,9,5,1,1,19,2
1924,2012, ,2,3,2,3,7,5,1,1,12,2
1925,2013,593,3,2,2,3,5,4,1,1,8,2
1926,2014,1369,5,1,1,3,3,4,2,1,10,2
1927,2015,1480,4,1,1,1,1,2,2,6,3,2
1928,2017, ,6,2,2,3,6,3,2,1,15,1
1929,2018,611,2,3,3,3,7,6,1,6,10,2
1930,2019, ,2,1,1,1,6,2,2,6,6,2
1931,2020,646,2,3,2,2,10,7,2,1,13,2
1932,2021, ,1,3,3,3,10,6,1,1,12,1
1933,2022, ,3,1,2,2,6,4,2,3,13,2
1934,2023,649,2,2,1,2,7,5,2,1,16,2
1935,2024, ,4,2,2,3,4,1,2,1,5,1
1936,2025,1551,3,1,1,2,7,4,2,3,16,2
1937,2026, ,3,2,1,1,5,5,1,6,14,4
1938,2027,1563,3,2,1,2,8,2,1,6,12,1
1939,2028,129,2,2,2,3,5,5,2,2,5,2
1940,2029, ,2,1,1,1,9,2,1,5,5,2
1941,2030,1078,4,2,1,4,6,2,2,5,9,2
1942,2031,77,1,3,3,3,8,1,2,5,2,2
1943,2032, ,1,2,2,2,10,5,2,1,15,1
1944,2033,1082,5,2,1,3,3,5,2,1,6,2
1945,2034,1290,2,2,1,2,6,4,1,5,13,2
1946,2035, ,3,1,1,1,7,5,1,1,16,2
1947,2036,253,4,2,2,3,5,5,1,1,19,1
1948,2037, ,4,-1,-1,-1,5,3,2,1,11,1
1949,2038, ,4,2,1,3,4,5,1,3,1,1
1950,2039,1653,2,2,1,2,6,6,2,3,9,2
1951,2040,1491,6,1,1,1,6,5,2,1,8,1
1952,2041,1255,5,1,1,3,7,4,1,3,13,2
1953,2042,150,6,1,1,1,4,4,1,1,14,1
1954,2043,1135,2,2,1,3,7,5,1,1,12,1
1955,2044,1443,2,2,2,2,-1,6,2,3,2,1
1956,2045,725,2,2,1,2,4,3,2,3,8,2
1957,2046,1648,2,3,2,1,7,2,2,5,13,2
1958,2047, ,2,2,1,2,3,2,2,6,14,1
1959,2048, ,2,2,1,3,8,6,1,1,13,2
1960,2049, ,1,1,1,4,7,1,2,5,17,1
1961,2050,1683,3,1,1,1,1,5,2,4,6,5
1962,2051,836,2,3,2,4,9,7,2,2,19,2
1963,2052, ,1,1,1,4,10,1,2,6,8,2
1964,2053, ,2,3,2,4,5,5,2,5,9,2
1965,2054, ,3,2,2,2,8,2,2,5,6,2
1966,2055, ,1,2,1,1,5,5,2,2,7,2
1967,2056,1220,2,3,2,3,8,2,1,6,17,4
1968,2057, ,1,2,2,1,5,6,2,1,7,1
1969,2058,828,3,2,1,4,5,2,1,6,16,1
1970,2059, ,1,1,2,2,1,1,2,5,2,2
1971,2060, ,2,2,2,3,6,5,2,4,9,2
1972,2061,1089,7,1,1,1,7,4,2,1,14,1
1973,2062,113,3,2,1,1,3,2,1,6,1,2
1974,2064, ,1,2,2,2,7,1,2,6,3,2
1975,2065,953,3,3,1,2,8,6,1,1,13,2
1976,2066,1495,5,2,2,2,8,3,1,1,14,1
1977,2067, ,1,2,1,2,7,6,2,2,16,1
1978,2068, ,2,2,2,3,5,2,2,5,1,2
1979,2069,1097,2,1,1,3,4,6,2,3,14,3
1980,2070, ,3,1,1,3,5,4,2,6,1,2
1981,2071,887,2,3,2,2,8,6,1,1,13,2
1982,2072,1569,2,2,2,2,10,5,2,3,14,2
1983,2073,1159,3,1,1,1,5,5,2,5,11,2
1984,2074, ,1,2,2,3,6,2,2,5,3,2
1985,2075, ,3,2,2,2,5,2,1,1,1,1
1986,2076,637,1,4,4,4,10,7,1,1,13,2
1987,2078,1056,3,2,1,1,5,4,2,1,12,1
1988,2079, ,-1,-1,-1,-1,-1,1,1,5,14,2
1989,2080,1052,4,3,4,1,8,2,2,5,8,1
1990,2081, ,2,3,3,3,10,1,2,5,5,4
1991,2082, ,3,1,1,1,2,3,2,5,8,2
1992,2083,368,3,2,1,3,6,5,1,1,12,2
1993,2084,972,3,3,1,1,8,5,2,3,11,2
1994,2085, ,3,1,2,3,6,2,2,1,12,2
1995,2086,1457,1,2,2,3,8,1,2,5,1,2
1996,2087,1579,2,2,2,2,8,3,2,1,16,1
1997,2088, ,1,1,1,1,8,5,2,4,2,2
1998,2089, ,4,2,1,3,3,7,2,2,12,4
1999,2090, ,1,2,2,3,5,5,2,5,7,2
2000,2092,1232,3,1,1,1,5,3,2,5,1,2
2001,2093, ,5,3,3,2,6,3,1,3,19,4
2002,2094,597,5,3,1,3,8,6,2,3,9,4
2003,2095,1583,5,2,1,3,5,6,2,1,16,2
2004,2096, ,6,3,2,2,7,4,1,1,16,1
2005,2097,1402,1,1,3,2,6,1,1,5,10,2
2006,2098,1478,3,2,2,2,8,4,1,4,15,2
2007,2099, ,1,3,3,3,9,5,2,3,3,2
2008,2100,1496,3,2,2,2,7,2,2,6,1,2
2009,2101, ,-1,-1,-1,1,3,3,1,5,7,2
2010,2102,247,1,4,4,4,9,1,1,5,17,1
2011,2103,1660,3,1,1,3,8,5,2,1,13,1
2012,2105,1466,2,1,1,2,5,5,2,5,3,2
2013,2106,1360,7,1,1,1,1,4,1,1,16,4
2014,2107,1547,5,2,1,2,8,2,2,1,16,1
2015,2108, ,2,2,2,2,7,2,2,1,15,1
2016,2109,108,5,3,1,3,7,3,1,1,16,2
2017,2110, ,-1,-1,-1,-1,-1,1,2,5,13,2
2018,2111,1677,2,2,1,3,-1,2,2,5,16,2
2019,2112, ,1,2,1,4,7,1,2,6,11,2
2020,2113,352,2,2,2,1,10,5,2,1,19,1
2021,2114,1176,5,3,1,2,8,5,1,1,16,1
2022,2116,1152,2,1,1,2,2,3,2,5,1,2
2023,2117,205,1,1,1,1,5,5,1,1,11,1
2024,2118, ,2,1,1,1,6,6,2,1,11,2
2025,2119,859,3,-1,3,2,7,5,1,1,15,2
2026,2120, ,4,3,1,4,10,2,2,1,3,2
2027,2121,1626,2,2,1,4,7,4,2,5,13,1
2028,2122, ,4,2,1,2,2,6,2,3,3,2
2029,2124, ,2,2,1,2,7,1,1,5,17,1
2030,2125, ,4,2,2,1,10,2,1,5,1,2
2031,2126,877,3,1,1,1,6,4,2,1,14,1
2032,2127,1029,2,4,2,3,8,4,2,1,19,2
2033,2128,996,3,3,2,3,6,6,2,2,10,1
2034,2130, ,2,2,1,1,7,6,2,3,15,5
2035,2131,1498,2,1,1,4,2,4,2,5,6,2
2036,2132,375,2,2,2,3,8,2,1,1,13,1
2037,2133, ,2,2,2,2,6,1,1,5,10,2
2038,2134,55,3,4,4,1,7,4,2,2,6,2
2039,2135, ,6,2,1,2,8,5,1,5,13,4
2040,2136,413,6,2,2,2,5,3,2,1,13,4
2041,2137,1399,2,1,1,2,2,3,2,5,4,2
2042,2138,1287,2,2,1,2,7,3,2,3,8,2
2043,2139,489,3,1,1,1,5,6,1,1,7,1
2044,2140, ,4,3,3,3,5,4,2,3,7,1
2045,2141,1389,3,2,2,2,6,4,2,4,1,2
2046,2143,1075,5,1,1,2,4,5,2,5,13,2
2047,2144,1320,1,2,2,3,7,2,2,5,7,2
2048,2145,1133,7,1,1,1,10,5,1,1,1,5
2049,2146,183,4,1,2,3,6,1,2,5,1,2
2050,2147,851,3,2,2,3,7,3,2,5,2,2
2051,2148, ,4,2,1,2,7,5,1,1,8,1
2052,2149,1353,1,1,1,1,9,4,2,1,15,1
2053,2150,1139,5,1,1,1,1,1,2,1,7,1
2054,2151, ,7,1,1,1,1,4,2,1,8,1
2055,2154, ,7,1,1,2,6,1,1,5,1,2
2056,2155, ,7,2,1,3,5,3,1,6,11,2
2057,2156, ,1,2,1,2,7,2,2,5,5,4
2058,2157, ,-1,1,1,2,3,3,1,6,6,1
2059,2158, ,4,2,2,2,5,1,1,5,16,1
2060,2160,1560,-1,-1,-1,-1,-1,5,1,1,17,2
2061,2161, ,6,1,1,1,4,1,2,6,14,5
2062,2162,1296,2,2,2,3,9,1,1,5,17,1
2063,2163,1432,4,2,2,2,8,4,1,1,13,1
2064,2164,719,2,3,2,3,8,5,1,1,16,2
2065,2165,1358,6,2,1,2,9,5,1,1,13,2
2066,2166, ,1,1,1,1,6,4,1,3,2,1
2067,2167, ,2,2,3,3,5,1,2,5,7,2
2068,2168, ,2,1,1,2,7,6,1,1,16,3
2069,2169, ,7,4,2,3,10,5,2,3,7,2
2070,2170,147,5,1,1,2,5,1,1,5,16,1
2071,2172, ,3,3,3,2,5,2,1,5,1,2
2072,2174, ,4,1,1,1,5,3,2,5,14,2
2073,2175,1114,2,1,1,-1,7,6,1,1,9,2
2074,2176,1644,4,1,-1,1,5,3,2,1,18,2
2075,2177, ,3,3,2,3,5,3,1,5,8,2
2076,2179, ,1,1,1,2,5,2,1,6,6,2
2077,2180,825,1,3,2,3,7,5,1,1,8,1
2078,2181,1524,5,1,1,1,5,6,1,3,6,1
2079,2182, ,3,1,1,1,8,5,2,3,16,1
2080,2184,861,2,2,2,2,5,5,2,2,7,2
2081,2185,693,5,2,1,1,7,5,1,1,16,2
2082,2186,1529,1,3,3,3,10,4,1,1,14,2
2083,2187, ,4,4,4,4,10,3,2,3,6,2
2084,2188, ,3,3,2,3,7,6,1,1,14,1
2085,2189, ,3,3,3,2,9,6,2,1,19,1
2086,2190, ,4,4,2,3,6,1,1,5,15,1
2087,2191, ,2,1,1,2,8,3,1,4,15,2
2088,2192, ,4,1,1,1,7,3,1,4,15,5
2089,2193,1549,3,2,1,2,7,1,1,5,10,2
2090,2194,1250,1,1,1,1,10,2,2,1,11,3
2091,2195, ,3,2,2,2,6,5,2,1,13,1
2092,2196,1386,3,2,2,2,5,6,2,5,7,2
2093,2197,1684,4,3,4,1,4,2,2,6,3,2
2094,2198, ,6,1,1,2,5,5,2,1,15,1
2095,2199, ,2,2,1,1,6,1,2,5,3,2
2096,2200, ,5,2,1,2,8,5,2,3,10,2
2097,2201, ,3,3,1,3,10,3,2,1,14,2
2098,2202,1326,4,1,1,1,8,5,2,1,11,2
2099,2203,1593,2,2,3,3,5,2,1,3,12,1
2100,2204,807,1,2,2,3,10,6,1,1,12,1
2101,2205,1661,3,3,1,4,7,4,2,4,15,2
2102,2206, ,1,1,1,3,4,2,2,5,6,2
2103,2207,434,4,3,3,3,8,5,2,5,6,2
2104,2208,826,3,3,2,3,9,2,1,1,13,1
2105,2210, ,4,2,2,1,5,5,2,3,16,2
2106,2211,965,1,2,1,1,2,3,2,4,8,2
2107,2212, ,4,2,1,-1,6,1,1,5,6,2
2108,2213,619,3,-1,-1,-1,-1,5,2,1,5,2
2109,2214, ,4,2,1,1,10,2,1,1,13,2
2110,2215,1504,7,1,1,1,7,4,2,1,11,1
2111,2216, ,6,1,1,2,3,4,2,3,6,2
2112,2217, ,1,3,3,3,10,4,2,5,12,2
2113,2218, ,1,2,1,3,7,6,1,1,2,2
2114,2220,1103,2,4,2,2,7,7,2,1,15,1
2115,2221,341,1,1,1,2,2,4,1,1,12,2
2116,2222,1440,2,2,2,4,9,3,2,1,10,2
2117,2223,1284,2,3,3,3,5,4,2,1,19,2
2118,2224,1505,4,2,2,2,1,4,1,6,1,2
2119,2225,999,4,1,1,2,3,3,1,1,16,1
2120,2226, ,6,2,1,1,6,3,1,1,14,1
2121,2228,1596,1,2,3,2,10,1,1,5,16,2
2122,2229, ,1,3,2,3,4,2,2,3,9,2
2123,2230,407,1,2,1,2,5,3,1,6,5,1
2124,2231,1163,5,2,1,2,6,4,2,1,13,2
2125,2232,1178,7,1,1,3,10,5,2,1,9,1
2126,2234,1299,7,2,1,2,7,2,2,6,13,5
2127,2236, ,6,1,1,1,4,3,1,1,13,2
2128,2239, ,3,-1,-1,-1,-1,4,2,6,12,4
2129,2240,66,4,2,3,2,4,2,1,5,1,2
2130,2241,1401,4,3,2,-1,-1,6,2,3,3,2
2131,2242,1555,3,2,1,2,4,4,2,6,10,2
2132,2243,1513,1,2,-1,3,8,4,2,5,13,2
2133,2244,1647,1,2,1,2,7,4,2,3,17,2
2134,2245,100,4,1,1,2,1,5,2,3,2,2
2135,2246, ,3,2,1,3,6,5,2,1,7,2
2136,2247, ,2,2,1,2,6,1,2,5,6,2
2137,2248,290,3,1,1,2,5,4,2,5,7,2
2138,2249,1258,1,2,2,3,8,4,1,1,16,1
2139,2250,1441,3,2,2,2,6,2,1,1,19,1
2140,2251, ,1,2,1,2,1,5,1,1,7,2
2141,2252,1197,2,2,1,2,7,5,1,6,12,4
2142,2253,1251,6,1,1,2,6,3,1,1,9,1
2143,2254,1364,4,2,1,2,6,1,1,5,15,1
2144,2255, ,6,1,1,1,4,1,2,6,4,2
2145,2256,210,7,1,1,3,4,5,2,1,17,1
2146,2257,928,4,1,1,3,2,5,2,5,8,2
2147,2258,1517,5,1,1,2,6,1,1,5,6,1
2148,2259, ,4,1,1,2,2,2,1,5,11,2
2149,2260, ,3,2,1,1,6,4,2,1,16,1
2150,2262, ,3,1,2,3,5,5,2,1,5,1
2151,2263,204,5,1,1,1,6,6,2,3,13,2
2152,2264, ,5,1,1,3,7,3,1,1,15,2
2153,2265,800,3,1,1,2,7,4,1,1,19,1
2154,2266, ,7,1,1,1,5,5,1,1,16,1
2155,2267, ,4,1,1,2,7,4,1,6,8,1
2156,2268,1351,5,2,1,2,7,6,2,6,7,2
2157,2269, ,3,2,2,2,6,4,2,5,1,2
2158,2270,1611,3,1,1,2,5,5,2,3,8,1
2159,2271,1085,-1,-1,-1,-1,-1,1,2,5,13,2
2160,2272,1316,2,1,1,2,6,6,1,1,13,2
2161,2273,1102,1,2,2,3,10,2,1,1,15,2
2162,2274, ,4,1,1,3,1,1,2,5,1,2
2163,2275, ,4,3,3,2,6,1,2,6,12,4
2164,2276,1574,2,2,3,2,8,5,1,5,16,2
2165,2277, ,5,4,3,4,6,1,1,5,10,2
2166,2278, ,1,2,2,3,9,2,2,5,5,2
2167,2279, ,3,2,1,2,1,5,2,2,4,2
2168,2280, ,2,2,1,3,4,3,2,3,6,2
2169,2281, ,1,2,2,3,8,2,2,5,1,2
2170,2282, ,3,2,2,2,6,3,2,5,19,2
2171,2283,627,5,1,1,2,5,3,2,1,15,1
2172,2284, ,7,2,1,2,8,5,2,1,16,2
2173,2285,919,2,4,2,-1,5,7,1,1,15,1
2174,2286,246,1,1,1,4,9,2,2,1,10,2
2175,2287,493,2,3,2,3,8,7,1,1,9,4
2176,2288, ,-1,-1,-1,-1,5,6,2,1,10,1
2177,2289,1548,2,2,1,3,4,4,2,1,9,2
2178,2290, ,3,1,1,-1,3,3,1,6,16,1
2179,2291, ,2,2,1,2,7,4,2,1,11,2
2180,2292, ,2,3,3,3,9,6,1,1,9,2
2181,2293,1007,3,1,1,-1,4,3,1,1,9,1
2182,2294, ,2,2,1,2,6,6,2,1,17,2
2183,2297, ,3,2,1,2,8,5,1,1,13,1
2184,2298,336,2,2,2,3,10,7,1,2,13,4
2185,2299,1403,7,1,1,2,3,2,2,1,14,1
2186,2300, ,4,2,2,2,5,3,2,3,10,4
2187,2301, ,2,2,2,2,8,5,1,3,12,2
2188,2303,1621,4,1,1,2,5,5,1,4,2,2
2189,2304,1497,3,2,1,2,2,7,2,3,13,1
2190,2305,1051,2,2,1,2,7,5,2,5,8,2
2191,2306, ,-1,-1,-1,-1,-1,2,1,5,10,1
2192,2307,1238,2,1,1,3,10,4,1,1,15,2
2193,2308, ,2,1,2,3,5,2,2,5,6,2
2194,2309, ,2,2,1,3,3,5,1,1,6,2
2195,2310, ,5,1,1,3,7,5,2,3,15,1
2196,2311,862,3,1,1,1,7,3,2,1,15,2
2197,2313,1417,4,2,2,2,7,1,2,5,12,1
2198,2314, ,5,1,1,1,8,4,2,6,15,4
2199,2315, ,3,2,1,2,5,6,2,1,11,1
2200,2316,1140,2,2,1,3,6,3,2,1,13,1
2201,2317,1028,4,3,3,1,10,3,2,6,1,1
2202,2318,1525,3,2,2,2,4,1,2,6,2,2
2203,2319, ,4,1,1,1,4,2,2,1,6,1
2204,2320,88,1,1,1,2,4,4,2,6,5,1
2205,2321, ,2,1,1,2,5,6,2,2,2,2
2206,2322,1323,1,-1,-1,-1,-1,5,2,4,7,2
2207,2323,33,4,2,1,1,4,5,2,5,7,2
2208,2324,1506,5,2,1,2,5,5,2,3,4,4
2209,2325,1037,2,1,2,2,4,5,2,3,6,1
2210,2326,1298,6,1,1,2,6,5,2,5,3,2
2211,2327,1666,5,1,2,1,7,3,2,1,18,1
2212,2328,1073,4,2,2,4,5,4,2,6,13,2
2213,2329,1616,5,2,1,3,5,4,2,5,12,2
2214,2330, ,7,1,1,1,6,4,2,1,17,1
2215,2331,214,2,1,1,3,5,5,2,5,3,2
2216,2332,1390,2,2,1,1,6,4,2,3,17,2
2217,2333, ,1,2,1,3,7,3,2,1,8,2
2218,2334, ,3,1,1,1,4,3,2,3,6,1
2219,2335,1328,1,3,3,4,10,2,2,5,5,2
2220,2337, ,3,1,1,1,10,3,2,5,12,2
2221,2338,1448,1,1,1,3,6,6,2,5,1,2
2222,2339,1303,3,3,1,2,9,3,2,1,16,1
2223,2341, ,5,1,1,1,3,6,2,1,7,1
2224,2342, ,5,1,1,1,5,6,2,2,8,1
2225,2343, ,1,2,2,2,4,3,2,4,4,4
2226,2344,1499,2,1,1,3,4,2,2,1,11,4
2227,2345, ,-1,-1,-1,-1,-1,2,2,5,19,2
2228,2346, ,2,2,2,2,8,4,2,1,15,4
2229,2347, ,3,2,1,2,8,3,2,1,17,1
2230,2348,1536,1,1,1,2,10,5,2,5,4,2
2231,2349, ,3,2,2,2,5,3,2,5,15,2
2232,2350, ,4,2,1,3,5,4,2,6,15,4
2233,2352, ,2,3,3,3,10,4,2,5,3,2
2234,2353, ,4,-1,-1,-1,-1,5,2,3,8,2
2235,2354, ,1,2,1,3,7,5,2,1,14,1
2236,2355, ,3,2,1,2,6,3,2,1,16,1
2237,2356, ,3,1,1,3,5,5,2,3,8,2
2238,2357,1528,2,-1,2,-1,-1,7,2,2,9,2
2239,2358, ,4,2,-1,2,-1,1,2,5,1,2
2240,2359,566,5,2,1,2,6,1,2,5,14,4
2241,2360, ,4,1,1,4,1,2,2,5,1,4
2242,2361, ,1,1,1,2,5,2,2,6,4,2
2243,2362,1492,7,1,1,3,4,4,2,1,13,2
2244,2364,1044,2,1,1,1,6,1,2,5,13,1
2245,2368, ,3,2,1,1,5,5,2,3,6,2
2246,2369, ,2,1,1,1,5,6,2,1,11,2
2247,2371, ,2,2,1,4,2,6,2,4,4,2
2248,2372, ,6,1,1,3,5,3,2,6,13,2
2249,2373,320,1,-1,-1,-1,9,3,2,1,19,2
2250,2374,1292,2,-1,1,2,5,4,2,5,8,2
2251,2375, ,5,2,2,3,8,5,2,1,17,1
2252,2376, ,2,1,1,2,7,5,2,5,11,2
2253,2377,1295,1,2,3,4,8,2,2,6,1,2
2254,2379, ,3,2,2,2,7,2,2,5,17,1
2255,2380, ,1,1,1,4,2,2,2,4,6,2
2256,2381, ,3,3,2,3,-1,5,2,3,10,2
2257,2382,1544,4,4,4,4,1,3,2,5,2,2
2258,2384, ,2,1,1,2,5,6,2,1,8,2
2259,2385, ,2,3,1,2,5,3,2,1,16,1
2260,2386, ,3,2,1,2,5,2,2,1,7,1
2261,2387,137,3,1,1,3,10,3,2,1,8,2
2262,2388, ,3,2,-1,2,7,5,2,2,5,2
2263,2389, ,3,1,1,2,8,7,2,1,8,2
2264,2390, ,4,2,2,2,6,2,2,5,1,2
2265,2391, ,2,3,2,4,9,5,2,3,16,4
2266,2392,1667,-1,4,3,4,-1,5,2,3,10,2
2267,2393,963,2,2,1,2,7,6,2,1,12,2
2268,2394, ,3,2,1,3,7,5,2,5,8,2
2269,2395,572,3,4,3,2,8,4,2,5,13,2
2270,2396,624,1,2,2,3,6,2,2,5,1,2
2271,2397, ,2,2,2,3,9,3,2,1,19,2
2272,2398, ,6,3,1,3,3,5,2,6,13,2
2273,2399, ,2,2,1,3,9,2,2,5,1,2
2274,2400, ,3,2,1,2,10,4,2,3,14,2
2275,2401,239,2,3,2,3,9,6,2,1,14,2
2276,2403, ,2,4,4,4,10,6,2,2,17,2
2277,2404,1623,2,3,2,2,2,2,2,5,6,2
2278,2405, ,1,3,2,3,7,2,2,5,2,2
2279,2406, ,6,1,1,1,7,2,2,1,16,2
2280,2407,913,6,1,1,2,3,1,2,5,5,2
2281,2408, ,1,2,1,3,5,4,2,1,2,2
2282,2409, ,2,1,2,1,4,5,2,5,12,2
2283,2410, ,1,2,2,3,7,3,2,3,11,2
2284,2411, ,2,2,1,2,7,4,2,5,13,2
2285,2414,1058,1,2,2,2,6,1,2,5,11,2
2286,2415,532,4,3,3,3,9,3,2,4,1,2
2287,2416,938,1,1,1,1,8,3,2,1,16,2
2288,2418,1411,2,1,1,2,7,4,2,5,16,2
2289,2419, ,4,2,2,1,6,2,2,6,5,2
2290,2420,1066,2,2,1,3,6,5,2,1,6,2
2291,2422, ,7,2,2,3,5,2,2,5,6,2
2292,2424, ,2,2,2,4,8,2,2,1,12,1
2293,2425, ,6,1,1,3,4,4,2,1,11,1
2294,2426, ,1,3,3,1,6,4,2,6,1,4
